customer_id,age,tenure,monthly_charges,contract,internet_service,senior_citizen,churn
C100000,56,2,89.64,month-to-month,dsl,0,0
C100001,69,36,75.54,two-year,dsl,1,1
C100002,46,42,78.45,month-to-month,fiber,0,1
C100003,32,39,117.05,month-to-month,none,0,0
C100004,60,54,64.89,two-year,fiber,1,1
C100005,25,38,30.58,month-to-month,dsl,0,1
C100006,78,14,102.62,month-to-month,dsl,1,0
C100007,38,3,75.46,month-to-month,none,0,0
C100008,56,24,98.61,two-year,dsl,0,0
C100009,75,12,68.66,one-year,fiber,1,0
C100010,36,32,44.84,one-year,fiber,0,1
C100011,40,15,82.08,month-to-month,dsl,0,0
C100012,28,41,70.31,one-year,none,0,0
C100013,28,65,75.55,month-to-month,fiber,0,1
C100014,41,54,118.5,month-to-month,fiber,0,1
C100015,70,41,37.04,one-year,dsl,1,0
C100016,53,33,78.58,month-to-month,dsl,0,1
C100017,57,29,45.43,month-to-month,fiber,0,0
C100018,41,12,10.0,month-to-month,fiber,0,0
C100019,20,12,68.53,month-to-month,dsl,0,1
C100020,39,17,70.93,two-year,dsl,0,0
C100021,70,31,88.71,month-to-month,dsl,1,0
C100022,19,38,63.47,one-year,none,0,0
C100023,41,45,25.33,month-to-month,fiber,0,1
C100024,61,28,45.33,month-to-month,none,1,0
C100025,47,61,109.51,month-to-month,dsl,0,0
C100026,55,61,44.9,one-year,none,0,0
C100027,19,56,117.5,one-year,dsl,0,0
C100028,77,15,101.5,two-year,fiber,1,0
C100029,38,55,60.47,one-year,none,0,1
C100030,50,9,48.13,month-to-month,dsl,0,0
C100031,29,29,101.44,one-year,fiber,0,0
C100032,75,24,62.77,two-year,dsl,1,0
C100033,39,4,23.63,one-year,dsl,0,0
C100034,78,64,86.87,month-to-month,fiber,1,1
C100035,61,48,82.52,month-to-month,fiber,1,0
C100036,42,2,104.13,one-year,fiber,0,0
C100037,66,44,80.49,one-year,fiber,1,0
C100038,44,13,53.53,month-to-month,fiber,0,1
C100039,76,29,108.09,two-year,dsl,1,0
C100040,59,67,111.01,two-year,dsl,0,1
C100041,45,17,77.0,month-to-month,none,0,0
C100042,77,61,71.81,two-year,dsl,1,0
C100043,33,36,30.3,month-to-month,fiber,0,0
C100044,32,24,51.77,month-to-month,dsl,0,0
C100045,79,47,92.82,month-to-month,fiber,1,0
C100046,79,64,53.28,month-to-month,fiber,1,1
C100047,64,52,26.29,one-year,dsl,1,0
C100048,79,14,174.88,month-to-month,dsl,1,0
C100049,68,48,26.1,month-to-month,fiber,1,0
C100050,61,67,137.7,month-to-month,fiber,1,1
C100051,72,11,60.78,month-to-month,dsl,1,0
C100052,69,58,67.46,month-to-month,fiber,1,0
C100053,74,36,49.83,one-year,dsl,1,0
C100054,20,60,93.49,month-to-month,none,0,1
C100055,54,42,26.81,two-year,fiber,0,0
C100056,68,69,14.79,one-year,dsl,1,0
C100057,24,38,118.31,month-to-month,fiber,0,0
C100058,38,55,45.88,two-year,fiber,0,0
C100059,26,62,92.38,month-to-month,dsl,0,1
C100060,56,45,37.44,month-to-month,fiber,0,0
C100061,35,10,91.25,month-to-month,dsl,0,1
C100062,21,61,120.51,month-to-month,dsl,0,0
C100063,42,24,54.19,month-to-month,dsl,0,0
C100064,77,70,12.0,one-year,fiber,1,0
C100065,31,51,120.66,month-to-month,dsl,0,1
C100066,67,3,97.79,one-year,fiber,1,0
C100067,75,58,55.79,month-to-month,fiber,1,0
C100068,26,71,63.46,one-year,fiber,0,0
C100069,43,19,36.68,month-to-month,fiber,0,1
C100070,70,62,112.61,month-to-month,none,1,1
C100071,19,53,53.96,month-to-month,fiber,0,1
C100072,37,56,27.44,month-to-month,fiber,0,0
C100073,45,40,76.41,month-to-month,dsl,0,1
C100074,64,2,44.2,one-year,none,1,1
C100075,77,5,39.1,month-to-month,dsl,1,1
C100076,24,4,57.1,one-year,dsl,0,0
C100077,61,4,72.59,one-year,fiber,1,0
C100078,78,53,28.57,two-year,dsl,1,0
C100079,25,46,111.55,month-to-month,dsl,0,1
C100080,64,48,90.31,month-to-month,fiber,1,0
C100081,52,8,59.04,two-year,fiber,0,0
C100082,31,19,42.9,one-year,fiber,0,0
C100083,34,60,67.32,month-to-month,none,0,1
C100084,53,34,96.98,month-to-month,dsl,0,0
C100085,67,49,92.34,month-to-month,dsl,1,0
C100086,57,61,101.76,month-to-month,fiber,0,1
C100087,21,16,55.59,one-year,dsl,0,0
C100088,19,2,10.0,month-to-month,fiber,0,1
C100089,79,31,107.43,month-to-month,dsl,1,1
C100090,23,12,64.98,month-to-month,fiber,0,0
C100091,71,67,89.98,month-to-month,fiber,1,0
C100092,59,13,120.08,one-year,fiber,0,0
C100093,21,10,143.03,one-year,fiber,0,0
C100094,71,55,50.51,month-to-month,fiber,1,0
C100095,46,66,74.02,two-year,dsl,0,0
C100096,35,28,111.01,month-to-month,dsl,0,0
C100097,43,8,44.67,month-to-month,dsl,0,0
C100098,61,66,52.54,month-to-month,fiber,1,1
C100099,51,24,52.36,month-to-month,fiber,0,0
C100100,27,41,69.16,month-to-month,fiber,0,0
C100101,79,8,63.4,month-to-month,dsl,1,0
C100102,53,39,52.19,one-year,fiber,0,1
C100103,31,24,41.03,month-to-month,none,0,0
C100104,48,4,94.36,one-year,dsl,0,1
C100105,65,10,110.13,month-to-month,dsl,1,0
C100106,32,58,114.48,two-year,dsl,0,1
C100107,25,37,55.57,one-year,fiber,0,0
C100108,31,71,95.61,month-to-month,fiber,0,0
C100109,40,4,77.09,one-year,dsl,0,0
C100110,77,47,52.88,month-to-month,fiber,1,0
C100111,74,17,92.03,one-year,dsl,1,1
C100112,79,69,51.5,month-to-month,fiber,1,0
C100113,57,36,58.71,one-year,fiber,0,1
C100114,38,59,28.7,one-year,fiber,0,0
C100115,33,47,56.07,month-to-month,dsl,0,0
C100116,62,27,77.62,month-to-month,none,1,0
C100117,35,68,117.07,one-year,fiber,0,0
C100118,64,39,59.4,month-to-month,dsl,1,1
C100119,70,44,38.85,month-to-month,dsl,1,0
C100120,41,61,114.92,month-to-month,fiber,0,1
C100121,43,57,54.86,month-to-month,none,0,1
C100122,42,66,17.55,two-year,none,0,0
C100123,77,55,73.99,month-to-month,fiber,1,1
C100124,77,39,60.26,month-to-month,none,1,1
C100125,77,39,139.01,one-year,dsl,1,0
C100126,62,32,84.26,one-year,dsl,1,0
C100127,58,5,65.61,month-to-month,none,0,0
C100128,46,18,42.27,month-to-month,fiber,0,0
C100129,32,39,79.91,two-year,fiber,0,1
C100130,62,58,113.7,one-year,fiber,1,0
C100131,18,58,79.35,month-to-month,none,0,1
C100132,42,47,44.58,month-to-month,fiber,0,0
C100133,24,40,86.16,month-to-month,none,0,0
C100134,26,12,68.54,month-to-month,fiber,0,1
C100135,41,44,83.46,month-to-month,dsl,0,0
C100136,18,52,59.36,two-year,none,0,0
C100137,61,41,58.65,month-to-month,dsl,1,1
C100138,25,62,57.47,one-year,none,0,1
C100139,41,26,98.27,month-to-month,fiber,0,0
C100140,28,37,58.95,one-year,fiber,0,0
C100141,68,59,56.21,one-year,fiber,1,0
C100142,34,6,41.74,month-to-month,dsl,0,0
C100143,25,4,83.62,month-to-month,dsl,0,1
C100144,52,44,79.35,month-to-month,none,0,1
C100145,52,57,56.54,two-year,none,0,0
C100146,50,30,48.72,two-year,dsl,0,1
C100147,76,22,126.29,month-to-month,none,1,0
C100148,22,41,13.59,month-to-month,none,0,0
C100149,59,9,84.8,month-to-month,fiber,0,0
C100150,56,31,108.74,one-year,dsl,0,0
C100151,75,52,10.0,month-to-month,none,1,0
C100152,58,29,93.82,month-to-month,fiber,0,0
C100153,45,38,63.39,month-to-month,none,0,1
C100154,24,30,77.68,month-to-month,none,0,1
C100155,26,1,60.3,one-year,none,0,0
C100156,25,11,102.26,month-to-month,fiber,0,1
C100157,29,38,80.89,one-year,dsl,0,0
C100158,51,65,73.95,month-to-month,dsl,0,1
C100159,50,12,43.03,month-to-month,dsl,0,0
C100160,65,45,126.47,one-year,dsl,1,0
C100161,72,26,70.3,two-year,fiber,1,0
C100162,40,16,138.69,one-year,fiber,0,0
C100163,79,59,127.83,month-to-month,none,1,1
C100164,41,63,16.65,month-to-month,dsl,0,0
C100165,54,34,50.35,two-year,fiber,0,0
C100166,52,69,38.89,month-to-month,dsl,0,0
C100167,61,29,68.55,month-to-month,dsl,1,1
C100168,57,70,75.61,two-year,dsl,0,0
C100169,39,62,76.9,one-year,fiber,0,0
C100170,44,27,101.62,two-year,dsl,0,0
C100171,52,59,114.81,two-year,fiber,0,1
C100172,18,36,99.02,two-year,dsl,0,0
C100173,52,21,53.17,month-to-month,none,0,0
C100174,54,67,46.54,month-to-month,none,0,0
C100175,64,19,70.08,month-to-month,none,1,0
C100176,31,67,82.78,month-to-month,none,0,0
C100177,20,63,64.5,month-to-month,none,0,0
C100178,18,16,29.64,month-to-month,none,0,0
C100179,22,11,90.46,month-to-month,fiber,0,1
C100180,43,21,58.23,month-to-month,dsl,0,0
C100181,72,16,57.32,month-to-month,dsl,1,1
C100182,31,9,68.36,month-to-month,dsl,0,0
C100183,56,64,62.8,month-to-month,fiber,0,1
C100184,44,21,59.0,one-year,fiber,0,0
C100185,26,49,31.6,month-to-month,none,0,0
C100186,32,13,66.63,month-to-month,none,0,0
C100187,32,63,91.09,one-year,fiber,0,0
C100188,43,46,77.94,month-to-month,fiber,0,0
C100189,59,28,98.44,month-to-month,none,0,1
C100190,77,35,48.14,month-to-month,dsl,1,1
C100191,30,51,31.66,month-to-month,fiber,0,0
C100192,68,6,62.62,two-year,dsl,1,1
C100193,49,28,51.57,month-to-month,fiber,0,0
C100194,56,10,54.69,one-year,dsl,0,0
C100195,66,32,76.35,month-to-month,none,1,0
C100196,69,5,54.91,month-to-month,fiber,1,0
C100197,78,31,32.5,month-to-month,dsl,1,0
C100198,49,50,53.23,month-to-month,dsl,0,1
C100199,21,57,80.2,month-to-month,fiber,0,0
C100200,47,25,90.14,month-to-month,none,0,0
C100201,54,45,89.84,month-to-month,fiber,0,1
C100202,40,28,82.73,one-year,fiber,0,0
C100203,56,3,64.96,month-to-month,dsl,0,0
C100204,62,12,82.15,two-year,fiber,1,0
C100205,32,38,68.73,one-year,fiber,0,0
C100206,60,14,73.39,month-to-month,fiber,1,0
C100207,46,28,41.82,month-to-month,dsl,0,0
C100208,53,28,71.32,month-to-month,fiber,0,0
C100209,30,31,81.36,one-year,fiber,0,1
C100210,49,1,80.23,month-to-month,none,0,1
C100211,24,46,31.37,one-year,none,0,0
C100212,76,21,72.89,month-to-month,fiber,1,0
C100213,68,26,26.68,one-year,fiber,1,0
C100214,39,66,75.21,month-to-month,dsl,0,1
C100215,45,55,48.96,two-year,none,0,0
C100216,19,20,121.17,month-to-month,fiber,0,0
C100217,59,46,73.58,month-to-month,dsl,0,1
C100218,62,58,94.03,month-to-month,fiber,1,1
C100219,79,5,133.33,month-to-month,none,1,0
C100220,74,18,45.48,two-year,dsl,1,0
C100221,70,56,83.07,month-to-month,fiber,1,0
C100222,23,68,34.42,month-to-month,fiber,0,0
C100223,45,2,80.35,month-to-month,dsl,0,1
C100224,45,0,122.97,month-to-month,dsl,0,1
C100225,61,57,51.16,month-to-month,none,1,0
C100226,61,37,43.42,one-year,none,1,0
C100227,37,14,67.26,month-to-month,dsl,0,0
C100228,47,33,131.37,two-year,none,0,0
C100229,79,60,93.13,month-to-month,fiber,1,0
C100230,28,34,42.85,month-to-month,fiber,0,1
C100231,75,63,113.65,one-year,fiber,1,0
C100232,72,24,20.35,one-year,none,1,0
C100233,45,23,134.1,month-to-month,fiber,0,0
C100234,42,11,95.69,one-year,dsl,0,0
C100235,56,17,122.91,month-to-month,none,0,0
C100236,79,14,20.57,month-to-month,fiber,1,1
C100237,50,26,75.08,two-year,dsl,0,0
C100238,18,71,65.98,month-to-month,fiber,0,1
C100239,74,59,39.79,month-to-month,fiber,1,0
C100240,44,45,31.12,one-year,none,0,0
C100241,79,16,85.21,two-year,fiber,1,1
C100242,74,52,87.93,month-to-month,dsl,1,0
C100243,69,7,109.0,month-to-month,fiber,1,1
C100244,30,26,54.9,month-to-month,fiber,0,0
C100245,58,45,65.75,two-year,dsl,0,0
C100246,20,49,28.53,two-year,fiber,0,1
C100247,56,70,116.22,month-to-month,none,0,1
C100248,23,2,72.09,month-to-month,dsl,0,1
C100249,25,63,91.68,month-to-month,fiber,0,1
C100250,44,43,92.74,one-year,dsl,0,0
C100251,26,52,113.77,one-year,dsl,0,0
C100252,79,23,45.06,one-year,fiber,1,0
C100253,54,59,90.93,two-year,dsl,0,0
C100254,50,2,69.25,month-to-month,none,0,0
C100255,68,19,133.17,month-to-month,dsl,1,1
C100256,59,45,44.97,month-to-month,fiber,0,0
C100257,61,14,105.14,month-to-month,dsl,1,0
C100258,41,24,80.51,month-to-month,none,0,1
C100259,32,70,78.94,month-to-month,fiber,0,0
C100260,76,16,71.62,one-year,fiber,1,0
C100261,71,8,110.4,two-year,dsl,1,0
C100262,49,37,77.92,month-to-month,fiber,0,0
C100263,49,47,24.27,month-to-month,dsl,0,1
C100264,41,59,106.59,month-to-month,none,0,0
C100265,58,62,101.09,one-year,fiber,0,0
C100266,69,1,87.61,one-year,fiber,1,0
C100267,66,71,36.15,month-to-month,fiber,1,1
C100268,79,10,40.81,month-to-month,fiber,1,0
C100269,66,63,13.68,month-to-month,fiber,1,0
C100270,75,71,83.81,month-to-month,fiber,1,0
C100271,69,20,29.51,month-to-month,fiber,1,0
C100272,29,17,18.44,one-year,fiber,0,0
C100273,79,63,108.25,two-year,fiber,1,0
C100274,56,37,93.05,month-to-month,dsl,0,0
C100275,19,31,60.0,one-year,none,0,0
C100276,20,10,65.98,two-year,fiber,0,1
C100277,66,44,10.0,month-to-month,fiber,1,1
C100278,54,32,97.5,month-to-month,none,0,0
C100279,66,40,49.22,two-year,dsl,1,0
C100280,73,7,79.91,month-to-month,none,1,1
C100281,34,10,10.0,two-year,none,0,0
C100282,76,50,99.33,two-year,none,1,0
C100283,66,40,47.41,one-year,none,1,1
C100284,19,16,28.72,one-year,fiber,0,0
C100285,19,45,59.81,one-year,dsl,0,0
C100286,45,31,52.11,one-year,fiber,0,0
C100287,71,53,102.23,month-to-month,dsl,1,1
C100288,40,19,57.39,month-to-month,dsl,0,0
C100289,54,32,110.88,month-to-month,fiber,0,1
C100290,49,39,79.9,one-year,dsl,0,0
C100291,50,31,96.83,month-to-month,none,0,0
C100292,18,1,69.94,month-to-month,none,0,0
C100293,36,32,108.16,month-to-month,none,0,1
C100294,79,29,35.39,one-year,fiber,1,0
C100295,19,32,73.41,two-year,none,0,0
C100296,70,25,58.11,two-year,none,1,0
C100297,61,21,111.9,month-to-month,fiber,1,1
C100298,43,65,114.97,two-year,dsl,0,0
C100299,49,37,70.01,one-year,none,0,0
C100300,23,45,31.25,month-to-month,none,0,0
C100301,49,14,82.81,month-to-month,fiber,0,1
C100302,72,43,20.06,month-to-month,dsl,1,1
C100303,21,48,118.78,two-year,fiber,0,1
C100304,72,60,55.8,month-to-month,dsl,1,0
C100305,28,66,69.08,month-to-month,none,0,0
C100306,73,5,49.57,one-year,none,1,1
C100307,76,8,42.95,month-to-month,dsl,1,0
C100308,34,5,92.12,month-to-month,fiber,0,1
C100309,55,31,65.24,one-year,dsl,0,0
C100310,41,40,71.27,month-to-month,fiber,0,1
C100311,22,7,39.88,one-year,dsl,0,0
C100312,69,71,95.68,month-to-month,fiber,1,1
C100313,51,49,98.73,one-year,fiber,0,1
C100314,23,61,63.73,one-year,dsl,0,0
C100315,39,61,108.04,month-to-month,fiber,0,0
C100316,28,6,66.88,month-to-month,dsl,0,1
C100317,65,3,93.39,one-year,fiber,1,1
C100318,33,5,21.31,one-year,dsl,0,1
C100319,50,57,80.6,one-year,fiber,0,0
C100320,26,21,61.86,two-year,none,0,0
C100321,77,25,74.67,month-to-month,none,1,1
C100322,76,2,73.32,month-to-month,none,1,0
C100323,23,40,73.77,two-year,none,0,0
C100324,33,59,88.47,month-to-month,dsl,0,1
C100325,46,13,53.04,month-to-month,dsl,0,0
C100326,20,11,87.07,month-to-month,fiber,0,1
C100327,37,11,106.98,month-to-month,none,0,1
C100328,77,12,27.7,month-to-month,none,1,0
C100329,76,24,46.58,two-year,dsl,1,0
C100330,53,44,47.84,month-to-month,fiber,0,0
C100331,36,18,37.24,month-to-month,dsl,0,0
C100332,43,54,55.76,two-year,fiber,0,0
C100333,20,44,100.99,two-year,fiber,0,0
C100334,36,7,113.43,month-to-month,dsl,0,1
C100335,37,52,73.19,month-to-month,fiber,0,1
C100336,49,54,60.27,one-year,fiber,0,0
C100337,24,31,94.09,one-year,fiber,0,0
C100338,69,50,10.0,one-year,dsl,1,0
C100339,58,43,38.34,two-year,none,0,1
C100340,50,69,10.0,one-year,fiber,0,0
C100341,57,17,38.03,month-to-month,none,0,1
C100342,56,21,46.99,one-year,none,0,1
C100343,35,36,114.33,month-to-month,dsl,0,0
C100344,57,55,10.0,one-year,dsl,0,1
C100345,18,58,57.5,one-year,fiber,0,1
C100346,28,2,88.59,month-to-month,dsl,0,1
C100347,45,27,82.32,month-to-month,none,0,0
C100348,74,34,113.85,month-to-month,fiber,1,0
C100349,42,60,74.83,month-to-month,none,0,1
C100350,67,53,81.23,one-year,dsl,1,0
C100351,40,62,14.84,month-to-month,dsl,0,0
C100352,48,6,40.35,one-year,fiber,0,0
C100353,47,48,16.52,month-to-month,dsl,0,0
C100354,59,30,87.18,one-year,fiber,0,0
C100355,52,57,80.46,one-year,none,0,0
C100356,24,60,79.41,one-year,fiber,0,0
C100357,77,23,43.56,month-to-month,fiber,1,1
C100358,33,19,40.81,two-year,dsl,0,0
C100359,43,36,76.28,month-to-month,dsl,0,1
C100360,65,3,49.92,month-to-month,none,1,1
C100361,74,19,39.39,month-to-month,none,1,0
C100362,69,59,54.75,month-to-month,fiber,1,0
C100363,77,23,50.18,two-year,none,1,0
C100364,66,49,44.0,month-to-month,fiber,1,0
C100365,19,48,33.23,one-year,dsl,0,0
C100366,18,50,83.46,one-year,dsl,0,0
C100367,65,35,116.68,month-to-month,none,1,0
C100368,79,65,68.83,one-year,dsl,1,0
C100369,29,33,76.67,month-to-month,fiber,0,0
C100370,22,35,86.09,month-to-month,fiber,0,1
C100371,54,5,81.0,month-to-month,fiber,0,1
C100372,49,38,44.59,two-year,fiber,0,1
C100373,76,41,121.6,two-year,dsl,1,0
C100374,72,57,47.28,month-to-month,dsl,1,0
C100375,26,11,89.44,month-to-month,fiber,0,0
C100376,58,2,85.91,one-year,fiber,0,0
C100377,52,17,11.25,month-to-month,fiber,0,0
C100378,36,39,59.23,two-year,fiber,0,0
C100379,65,20,71.7,month-to-month,dsl,1,1
C100380,33,14,73.99,month-to-month,none,0,0
C100381,20,25,79.04,one-year,fiber,0,1
C100382,37,7,92.73,month-to-month,dsl,0,0
C100383,41,41,69.77,two-year,fiber,0,1
C100384,71,43,80.64,two-year,none,1,0
C100385,73,13,68.65,month-to-month,none,1,0
C100386,50,1,39.48,month-to-month,dsl,0,0
C100387,41,36,70.97,two-year,fiber,0,0
C100388,69,68,92.47,two-year,dsl,1,0
C100389,28,37,103.26,month-to-month,dsl,0,0
C100390,66,40,86.12,one-year,fiber,1,0
C100391,25,61,110.03,month-to-month,fiber,0,1
C100392,53,59,82.57,month-to-month,fiber,0,0
C100393,55,13,95.92,two-year,dsl,0,1
C100394,57,1,98.12,month-to-month,dsl,0,1
C100395,37,69,63.3,two-year,fiber,0,1
C100396,79,16,91.78,month-to-month,dsl,1,0
C100397,52,27,41.78,one-year,dsl,0,0
C100398,65,65,80.49,month-to-month,dsl,1,0
C100399,79,34,87.31,month-to-month,fiber,1,1
C100400,42,4,101.53,one-year,dsl,0,0
C100401,52,64,94.62,month-to-month,fiber,0,0
C100402,42,39,101.92,month-to-month,dsl,0,0
C100403,46,55,67.02,month-to-month,dsl,0,0
C100404,35,35,59.64,month-to-month,fiber,0,1
C100405,63,44,61.75,one-year,dsl,1,0
C100406,35,22,77.99,month-to-month,fiber,0,1
C100407,19,46,15.74,month-to-month,dsl,0,1
C100408,71,30,109.95,month-to-month,fiber,1,0
C100409,52,10,71.32,month-to-month,dsl,0,0
C100410,33,9,57.55,month-to-month,dsl,0,1
C100411,78,66,10.0,month-to-month,fiber,1,0
C100412,58,13,68.9,month-to-month,none,0,0
C100413,53,9,64.05,one-year,dsl,0,0
C100414,50,0,43.09,one-year,fiber,0,0
C100415,21,4,49.81,month-to-month,fiber,0,0
C100416,50,19,69.2,month-to-month,fiber,0,0
C100417,31,7,52.35,month-to-month,none,0,0
C100418,38,42,87.16,month-to-month,dsl,0,0
C100419,65,0,47.54,month-to-month,none,1,1
C100420,37,56,74.64,month-to-month,fiber,0,0
C100421,73,63,105.4,month-to-month,dsl,1,1
C100422,25,27,68.9,month-to-month,none,0,0
C100423,24,36,80.68,month-to-month,fiber,0,1
C100424,20,46,78.78,month-to-month,fiber,0,0
C100425,34,36,70.24,month-to-month,fiber,0,1
C100426,50,48,67.99,month-to-month,fiber,0,0
C100427,65,43,52.86,month-to-month,dsl,1,1
C100428,29,55,74.53,month-to-month,fiber,0,0
C100429,76,27,61.5,month-to-month,dsl,1,0
C100430,68,5,116.38,month-to-month,none,1,0
C100431,39,60,94.33,month-to-month,none,0,1
C100432,72,19,26.42,month-to-month,fiber,1,1
C100433,39,1,28.09,month-to-month,fiber,0,1
C100434,63,36,66.09,month-to-month,dsl,1,1
C100435,47,19,58.14,one-year,dsl,0,0
C100436,55,25,64.5,month-to-month,none,0,1
C100437,55,28,89.53,month-to-month,dsl,0,1
C100438,62,0,79.47,two-year,fiber,1,1
C100439,68,34,79.17,month-to-month,none,1,0
C100440,71,69,113.39,month-to-month,none,1,1
C100441,25,58,28.33,two-year,fiber,0,0
C100442,44,68,73.12,one-year,fiber,0,1
C100443,44,32,52.63,month-to-month,fiber,0,0
C100444,51,50,113.06,month-to-month,none,0,0
C100445,38,11,10.0,month-to-month,fiber,0,0
C100446,47,19,10.0,month-to-month,fiber,0,1
C100447,50,52,79.14,month-to-month,dsl,0,1
C100448,45,42,103.79,month-to-month,dsl,0,0
C100449,64,49,93.2,month-to-month,fiber,1,1
C100450,50,28,45.97,two-year,none,0,0
C100451,22,56,115.19,two-year,none,0,0
C100452,77,38,33.06,month-to-month,none,1,0
C100453,78,55,109.22,one-year,fiber,1,1
C100454,65,42,37.02,month-to-month,fiber,1,0
C100455,36,49,59.45,two-year,none,0,0
C100456,21,22,89.18,month-to-month,fiber,0,0
C100457,52,43,26.01,month-to-month,dsl,0,0
C100458,66,37,114.07,month-to-month,fiber,1,1
C100459,34,22,59.26,month-to-month,none,0,0
C100460,61,44,74.12,month-to-month,dsl,1,0
C100461,45,51,104.87,one-year,none,0,0
C100462,47,49,46.21,one-year,dsl,0,0
C100463,46,7,101.82,month-to-month,fiber,0,0
C100464,63,0,119.22,month-to-month,fiber,1,1
C100465,70,7,50.33,month-to-month,fiber,1,0
C100466,23,28,111.08,two-year,fiber,0,0
C100467,52,4,17.18,two-year,none,0,0
C100468,77,46,81.69,two-year,fiber,1,1
C100469,58,33,33.14,two-year,dsl,0,0
C100470,54,64,98.28,month-to-month,fiber,0,0
C100471,41,54,95.81,month-to-month,dsl,0,0
C100472,46,42,132.32,month-to-month,dsl,0,0
C100473,66,29,112.64,two-year,fiber,1,0
C100474,63,16,65.03,month-to-month,none,1,1
C100475,70,25,37.55,month-to-month,fiber,1,0
C100476,48,7,86.97,one-year,fiber,0,0
C100477,52,46,68.18,month-to-month,fiber,0,0
C100478,77,71,116.53,month-to-month,dsl,1,1
C100479,50,45,10.0,one-year,none,0,0
C100480,69,67,135.64,month-to-month,fiber,1,0
C100481,78,32,85.96,month-to-month,none,1,0
C100482,38,0,45.61,one-year,dsl,0,0
C100483,49,18,92.02,one-year,dsl,0,1
C100484,40,30,108.92,two-year,none,0,1
C100485,50,13,73.43,month-to-month,fiber,0,0
C100486,20,52,17.05,month-to-month,dsl,0,0
C100487,35,47,61.18,one-year,dsl,0,0
C100488,42,68,101.18,month-to-month,none,0,1
C100489,59,61,84.9,month-to-month,fiber,0,1
C100490,48,65,65.3,one-year,fiber,0,0
C100491,71,63,109.25,month-to-month,dsl,1,0
C100492,75,69,92.18,month-to-month,fiber,1,0
C100493,20,62,94.49,month-to-month,none,0,0
C100494,57,32,57.68,month-to-month,dsl,0,0
C100495,63,40,54.78,month-to-month,fiber,1,1
C100496,41,47,19.0,month-to-month,none,0,0
C100497,67,12,62.22,one-year,dsl,1,0
C100498,49,30,98.06,two-year,fiber,0,0
C100499,64,67,63.88,month-to-month,fiber,1,0
C100500,39,3,83.37,month-to-month,fiber,0,1
C100501,40,18,103.34,month-to-month,fiber,0,0
C100502,19,69,81.18,month-to-month,fiber,0,1
C100503,44,12,84.12,one-year,fiber,0,1
C100504,59,22,29.27,one-year,fiber,0,0
C100505,19,0,60.32,one-year,fiber,0,0
C100506,43,53,121.8,month-to-month,dsl,0,0
C100507,34,70,73.11,month-to-month,fiber,0,1
C100508,57,14,126.9,month-to-month,none,0,1
C100509,50,64,48.31,month-to-month,fiber,0,1
C100510,26,70,77.02,one-year,fiber,0,0
C100511,60,14,58.52,two-year,fiber,1,1
C100512,71,20,87.76,month-to-month,none,1,1
C100513,65,18,96.85,one-year,none,1,1
C100514,56,59,88.07,month-to-month,dsl,0,0
C100515,46,32,101.26,month-to-month,fiber,0,0
C100516,59,48,69.6,month-to-month,fiber,0,0
C100517,72,34,64.28,month-to-month,fiber,1,0
C100518,43,43,17.25,month-to-month,dsl,0,0
C100519,52,10,89.15,one-year,none,0,0
C100520,67,71,75.17,two-year,dsl,1,0
C100521,42,65,67.96,month-to-month,fiber,0,1
C100522,41,45,64.28,month-to-month,fiber,0,0
C100523,30,8,68.89,two-year,dsl,0,0
C100524,77,2,62.91,one-year,none,1,1
C100525,75,25,54.16,one-year,none,1,0
C100526,24,71,77.19,month-to-month,fiber,0,0
C100527,74,47,84.52,two-year,fiber,1,1
C100528,53,65,46.88,month-to-month,dsl,0,1
C100529,62,69,57.98,one-year,fiber,1,0
C100530,37,27,63.86,month-to-month,dsl,0,1
C100531,18,25,70.14,one-year,fiber,0,0
C100532,25,24,66.15,month-to-month,none,0,1
C100533,63,11,89.79,month-to-month,dsl,1,1
C100534,33,4,20.43,month-to-month,none,0,0
C100535,31,47,25.75,month-to-month,dsl,0,0
C100536,29,36,75.81,one-year,none,0,0
C100537,68,43,51.92,two-year,dsl,1,0
C100538,40,14,96.53,two-year,fiber,0,1
C100539,32,42,105.09,month-to-month,dsl,0,0
C100540,45,47,77.01,one-year,none,0,0
C100541,51,69,37.84,one-year,fiber,0,1
C100542,19,45,101.64,month-to-month,dsl,0,1
C100543,49,42,75.97,month-to-month,fiber,0,1
C100544,40,20,25.39,one-year,fiber,0,0
C100545,39,22,28.04,two-year,fiber,0,0
C100546,68,46,115.51,one-year,none,1,0
C100547,42,14,110.53,month-to-month,fiber,0,0
C100548,75,24,10.0,month-to-month,dsl,1,0
C100549,79,35,29.27,month-to-month,dsl,1,0
C100550,78,50,104.23,one-year,fiber,1,0
C100551,39,14,69.45,one-year,fiber,0,1
C100552,75,67,91.06,month-to-month,fiber,1,1
C100553,75,20,68.14,two-year,dsl,1,0
C100554,39,12,89.63,month-to-month,fiber,0,0
C100555,66,18,70.18,two-year,none,1,0
C100556,69,33,56.87,month-to-month,dsl,1,0
C100557,59,67,101.76,month-to-month,fiber,0,1
C100558,23,51,76.06,month-to-month,fiber,0,0
C100559,32,26,89.57,month-to-month,fiber,0,1
C100560,71,28,74.72,month-to-month,dsl,1,0
C100561,60,27,55.41,month-to-month,fiber,1,0
C100562,77,34,118.25,month-to-month,none,1,0
C100563,54,7,80.65,one-year,dsl,0,0
C100564,50,15,59.35,month-to-month,fiber,0,0
C100565,25,35,108.35,month-to-month,dsl,0,1
C100566,70,29,30.38,month-to-month,fiber,1,1
C100567,77,17,137.09,one-year,fiber,1,0
C100568,61,1,64.63,month-to-month,fiber,1,0
C100569,61,48,31.96,two-year,dsl,1,0
C100570,22,3,127.18,one-year,fiber,0,1
C100571,56,6,56.1,month-to-month,fiber,0,0
C100572,21,38,77.3,month-to-month,fiber,0,1
C100573,23,12,91.53,month-to-month,fiber,0,0
C100574,62,30,105.53,month-to-month,fiber,1,0
C100575,49,70,78.99,two-year,none,0,0
C100576,69,62,50.58,two-year,fiber,1,0
C100577,47,55,76.57,month-to-month,fiber,0,0
C100578,64,41,57.42,month-to-month,none,1,0
C100579,52,60,77.47,one-year,dsl,0,1
C100580,72,41,118.84,one-year,dsl,1,0
C100581,57,55,92.68,month-to-month,fiber,0,1
C100582,69,35,76.2,month-to-month,fiber,1,1
C100583,33,67,92.15,month-to-month,none,0,1
C100584,30,6,94.3,one-year,none,0,0
C100585,67,53,37.66,month-to-month,fiber,1,0
C100586,77,0,71.25,month-to-month,fiber,1,0
C100587,59,43,146.88,two-year,fiber,0,1
C100588,47,44,106.38,one-year,dsl,0,0
C100589,36,46,54.9,two-year,fiber,0,0
C100590,34,12,51.9,month-to-month,fiber,0,0
C100591,73,21,50.9,month-to-month,fiber,1,1
C100592,36,20,95.99,two-year,dsl,0,0
C100593,45,8,118.23,month-to-month,dsl,0,1
C100594,75,25,87.47,month-to-month,dsl,1,1
C100595,72,8,74.71,month-to-month,none,1,0
C100596,43,14,56.68,month-to-month,dsl,0,0
C100597,54,9,79.88,month-to-month,none,0,0
C100598,43,41,45.4,two-year,fiber,0,0
C100599,70,71,11.93,two-year,fiber,1,0
C100600,79,23,119.1,two-year,fiber,1,1
C100601,40,48,39.83,month-to-month,fiber,0,0
C100602,26,25,60.26,month-to-month,fiber,0,0
C100603,29,36,89.69,month-to-month,fiber,0,0
C100604,70,67,113.03,two-year,fiber,1,1
C100605,18,49,77.71,month-to-month,fiber,0,0
C100606,75,23,34.19,one-year,fiber,1,1
C100607,75,18,60.96,one-year,dsl,1,0
C100608,18,59,49.65,month-to-month,fiber,0,0
C100609,64,38,68.85,month-to-month,none,1,0
C100610,51,17,106.96,two-year,dsl,0,0
C100611,49,18,10.0,two-year,dsl,0,0
C100612,79,35,57.66,month-to-month,dsl,1,0
C100613,71,54,55.48,month-to-month,fiber,1,1
C100614,65,68,32.3,two-year,dsl,1,0
C100615,42,46,87.56,month-to-month,fiber,0,1
C100616,57,48,27.55,month-to-month,dsl,0,1
C100617,62,32,31.0,month-to-month,dsl,1,0
C100618,70,20,95.53,month-to-month,fiber,1,1
C100619,18,21,115.02,month-to-month,dsl,0,1
C100620,33,47,67.72,month-to-month,none,0,1
C100621,78,36,33.48,month-to-month,dsl,1,1
C100622,56,14,48.83,month-to-month,fiber,0,0
C100623,22,34,100.24,two-year,dsl,0,0
C100624,39,70,73.49,one-year,fiber,0,0
C100625,46,31,66.97,one-year,none,0,0
C100626,72,10,79.39,one-year,none,1,1
C100627,20,9,68.87,month-to-month,dsl,0,1
C100628,29,56,116.37,month-to-month,fiber,0,0
C100629,43,24,47.53,two-year,fiber,0,0
C100630,33,1,44.08,month-to-month,dsl,0,1
C100631,68,63,28.5,month-to-month,dsl,1,0
C100632,54,34,53.8,one-year,none,0,0
C100633,39,6,37.24,month-to-month,none,0,0
C100634,74,17,76.54,month-to-month,none,1,0
C100635,46,66,70.63,two-year,fiber,0,1
C100636,31,41,37.63,two-year,fiber,0,0
C100637,45,38,87.67,month-to-month,dsl,0,0
C100638,22,40,115.5,two-year,dsl,0,1
C100639,64,23,80.74,one-year,dsl,1,0
C100640,66,59,10.0,one-year,fiber,1,0
C100641,47,45,129.61,month-to-month,fiber,0,1
C100642,63,18,92.41,month-to-month,none,1,0
C100643,79,67,128.69,one-year,none,1,0
C100644,69,41,102.72,two-year,none,1,0
C100645,22,31,108.72,one-year,none,0,0
C100646,29,38,76.16,month-to-month,dsl,0,1
C100647,33,35,62.13,month-to-month,fiber,0,1
C100648,43,35,81.2,one-year,fiber,0,1
C100649,43,2,48.74,month-to-month,dsl,0,1
C100650,65,7,83.02,month-to-month,none,1,1
C100651,38,69,10.0,month-to-month,none,0,0
C100652,56,40,71.29,month-to-month,dsl,0,0
C100653,53,67,110.34,one-year,dsl,0,0
C100654,50,12,72.83,one-year,fiber,0,0
C100655,79,48,121.82,month-to-month,fiber,1,0
C100656,47,59,62.09,month-to-month,none,0,0
C100657,54,1,100.08,one-year,dsl,0,0
C100658,40,59,43.65,month-to-month,dsl,0,0
C100659,75,4,98.86,month-to-month,dsl,1,1
C100660,27,43,76.98,two-year,dsl,0,1
C100661,71,26,63.41,month-to-month,dsl,1,1
C100662,22,31,10.0,two-year,none,0,0
C100663,53,20,62.37,month-to-month,fiber,0,0
C100664,51,7,76.4,month-to-month,fiber,0,0
C100665,69,71,94.86,month-to-month,dsl,1,0
C100666,48,49,116.83,two-year,dsl,0,0
C100667,27,66,131.05,month-to-month,none,0,0
C100668,75,43,107.39,month-to-month,fiber,1,1
C100669,36,57,53.14,two-year,fiber,0,0
C100670,75,2,60.86,month-to-month,fiber,1,1
C100671,49,69,92.17,month-to-month,dsl,0,1
C100672,18,1,85.59,month-to-month,fiber,0,0
C100673,73,43,118.85,one-year,dsl,1,0
C100674,22,1,144.38,month-to-month,none,0,0
C100675,62,34,138.02,month-to-month,dsl,1,1
C100676,21,29,114.82,month-to-month,fiber,0,0
C100677,33,7,85.84,month-to-month,dsl,0,0
C100678,41,21,110.48,two-year,fiber,0,0
C100679,33,43,119.84,two-year,none,0,1
C100680,72,57,65.58,one-year,fiber,1,0
C100681,19,35,54.02,one-year,fiber,0,1
C100682,66,68,46.98,one-year,none,1,0
C100683,45,30,43.71,month-to-month,fiber,0,0
C100684,49,46,28.54,one-year,dsl,0,0
C100685,44,54,77.5,month-to-month,dsl,0,0
C100686,37,61,40.01,month-to-month,fiber,0,0
C100687,41,29,46.49,one-year,fiber,0,0
C100688,29,54,91.04,month-to-month,dsl,0,1
C100689,67,15,75.45,two-year,dsl,1,0
C100690,52,11,82.89,month-to-month,none,0,1
C100691,77,16,110.95,one-year,dsl,1,0
C100692,50,15,95.94,month-to-month,fiber,0,1
C100693,50,11,115.57,one-year,dsl,0,0
C100694,78,7,72.4,one-year,none,1,1
C100695,68,2,118.35,month-to-month,dsl,1,0
C100696,60,15,80.79,month-to-month,fiber,1,0
C100697,54,29,75.06,month-to-month,dsl,0,1
C100698,29,22,113.85,month-to-month,fiber,0,1
C100699,20,4,43.84,one-year,none,0,0
C100700,18,64,130.71,two-year,fiber,0,0
C100701,50,29,61.54,month-to-month,fiber,0,0
C100702,57,20,33.46,one-year,fiber,0,0
C100703,27,69,89.61,two-year,dsl,0,0
C100704,60,21,58.68,month-to-month,none,1,0
C100705,61,71,130.77,one-year,dsl,1,0
C100706,46,31,57.01,one-year,fiber,0,1
C100707,30,32,79.43,month-to-month,dsl,0,0
C100708,29,15,27.23,month-to-month,dsl,0,1
C100709,48,37,94.39,month-to-month,dsl,0,1
C100710,63,13,46.68,two-year,fiber,1,0
C100711,19,35,90.8,two-year,fiber,0,0
C100712,78,22,57.15,one-year,fiber,1,0
C100713,68,65,10.0,month-to-month,dsl,1,1
C100714,67,1,73.94,month-to-month,dsl,1,0
C100715,52,64,72.59,month-to-month,fiber,0,1
C100716,40,66,96.43,month-to-month,none,0,0
C100717,34,51,116.68,one-year,dsl,0,0
C100718,43,61,127.37,two-year,fiber,0,0
C100719,25,22,95.92,two-year,fiber,0,1
C100720,46,25,78.36,one-year,fiber,0,0
C100721,43,67,27.18,month-to-month,none,0,1
C100722,27,54,76.06,month-to-month,none,0,1
C100723,43,5,76.45,month-to-month,fiber,0,1
C100724,79,34,64.04,one-year,dsl,1,0
C100725,51,21,88.99,one-year,none,0,0
C100726,68,42,103.66,month-to-month,fiber,1,1
C100727,58,14,45.45,month-to-month,dsl,0,0
C100728,24,59,44.98,month-to-month,fiber,0,1
C100729,21,11,65.82,month-to-month,none,0,0
C100730,75,48,51.54,month-to-month,none,1,0
C100731,70,41,20.76,month-to-month,dsl,1,0
C100732,67,37,40.1,month-to-month,fiber,1,0
C100733,62,44,33.03,two-year,none,1,0
C100734,28,34,106.25,month-to-month,dsl,0,0
C100735,46,29,121.08,month-to-month,fiber,0,0
C100736,73,29,37.14,month-to-month,fiber,1,1
C100737,53,5,86.38,month-to-month,fiber,0,0
C100738,42,66,96.21,month-to-month,dsl,0,1
C100739,38,6,25.23,month-to-month,fiber,0,1
C100740,78,51,74.83,month-to-month,none,1,0
C100741,74,13,146.01,month-to-month,fiber,1,0
C100742,53,14,90.31,one-year,fiber,0,0
C100743,27,20,62.64,month-to-month,fiber,0,0
C100744,54,34,53.19,one-year,dsl,0,0
C100745,26,65,10.0,month-to-month,fiber,0,1
C100746,41,1,84.11,month-to-month,dsl,0,1
C100747,52,34,128.43,month-to-month,none,0,0
C100748,66,19,45.59,month-to-month,dsl,1,1
C100749,52,9,11.93,two-year,fiber,0,0
C100750,65,24,50.07,one-year,fiber,1,0
C100751,53,65,96.45,two-year,none,0,0
C100752,35,24,57.14,two-year,dsl,0,0
C100753,66,53,45.39,one-year,dsl,1,0
C100754,56,32,70.57,month-to-month,dsl,0,1
C100755,49,35,76.89,month-to-month,none,0,1
C100756,41,13,28.35,two-year,dsl,0,1
C100757,40,64,63.48,one-year,dsl,0,0
C100758,79,53,55.08,month-to-month,dsl,1,1
C100759,49,51,50.77,one-year,fiber,0,0
C100760,54,2,39.49,month-to-month,dsl,0,0
C100761,29,40,98.24,month-to-month,dsl,0,0
C100762,66,5,50.67,month-to-month,dsl,1,0
C100763,72,24,10.15,one-year,fiber,1,0
C100764,30,12,77.93,two-year,fiber,0,0
C100765,40,7,91.76,month-to-month,fiber,0,1
C100766,42,20,46.12,month-to-month,none,0,0
C100767,52,67,53.21,month-to-month,none,0,1
C100768,58,24,50.53,one-year,fiber,0,0
C100769,47,67,59.6,month-to-month,fiber,0,0
C100770,34,44,103.21,month-to-month,fiber,0,1
C100771,66,59,66.58,month-to-month,none,1,1
C100772,79,11,95.19,month-to-month,fiber,1,0
C100773,37,31,40.94,month-to-month,fiber,0,0
C100774,65,12,58.49,one-year,fiber,1,0
C100775,42,30,98.62,month-to-month,none,0,0
C100776,39,19,45.83,one-year,dsl,0,0
C100777,30,17,100.36,month-to-month,dsl,0,1
C100778,76,59,51.15,month-to-month,fiber,1,0
C100779,36,62,60.35,month-to-month,dsl,0,0
C100780,66,5,120.1,one-year,fiber,1,0
C100781,53,31,56.93,two-year,dsl,0,1
C100782,29,42,74.36,two-year,dsl,0,1
C100783,78,1,88.49,month-to-month,none,1,0
C100784,58,59,76.8,month-to-month,fiber,0,0
C100785,36,22,77.65,one-year,fiber,0,0
C100786,29,30,68.3,one-year,dsl,0,0
C100787,26,4,30.93,month-to-month,dsl,0,0
C100788,24,33,80.45,one-year,none,0,0
C100789,45,9,48.03,month-to-month,fiber,0,0
C100790,31,1,93.27,month-to-month,fiber,0,1
C100791,48,10,111.16,month-to-month,none,0,0
C100792,69,49,15.83,month-to-month,none,1,0
C100793,36,30,111.21,month-to-month,none,0,0
C100794,75,55,57.67,month-to-month,fiber,1,1
C100795,64,8,66.07,month-to-month,dsl,1,1
C100796,33,20,42.63,month-to-month,fiber,0,1
C100797,70,27,75.65,month-to-month,fiber,1,0
C100798,22,61,72.0,one-year,dsl,0,0
C100799,52,6,102.31,month-to-month,fiber,0,0
C100800,29,15,47.76,month-to-month,dsl,0,0
C100801,42,3,119.82,month-to-month,fiber,0,0
C100802,69,3,89.94,two-year,dsl,1,0
C100803,76,39,72.73,month-to-month,fiber,1,1
C100804,38,16,64.58,month-to-month,dsl,0,1
C100805,53,51,60.8,month-to-month,none,0,1
C100806,70,51,62.76,one-year,fiber,1,1
C100807,40,35,75.05,month-to-month,fiber,0,0
C100808,33,37,63.73,month-to-month,none,0,1
C100809,74,49,50.78,month-to-month,fiber,1,1
C100810,56,62,75.23,month-to-month,none,0,1
C100811,62,62,44.91,one-year,dsl,1,0
C100812,70,61,79.67,two-year,dsl,1,1
C100813,59,6,63.31,one-year,dsl,0,0
C100814,75,26,90.9,one-year,dsl,1,1
C100815,56,13,99.67,month-to-month,none,0,0
C100816,31,70,99.66,month-to-month,dsl,0,1
C100817,48,4,79.54,one-year,fiber,0,0
C100818,75,54,83.04,month-to-month,fiber,1,0
C100819,22,1,60.32,two-year,fiber,0,0
C100820,52,61,90.33,month-to-month,fiber,0,0
C100821,40,20,93.72,month-to-month,fiber,0,0
C100822,46,20,22.98,one-year,dsl,0,0
C100823,60,9,81.35,one-year,dsl,1,0
C100824,28,57,111.04,one-year,fiber,0,1
C100825,35,38,59.31,month-to-month,fiber,0,1
C100826,64,4,52.76,one-year,fiber,1,0
C100827,29,64,57.4,month-to-month,none,0,0
C100828,26,12,24.85,month-to-month,fiber,0,0
C100829,27,52,73.78,two-year,fiber,0,1
C100830,75,44,70.9,one-year,dsl,1,1
C100831,61,31,75.91,month-to-month,fiber,1,0
C100832,34,35,82.48,one-year,fiber,0,0
C100833,78,59,46.06,month-to-month,dsl,1,1
C100834,55,10,78.2,month-to-month,dsl,0,1
C100835,24,62,83.3,month-to-month,fiber,0,1
C100836,63,20,55.35,two-year,fiber,1,1
C100837,30,51,82.6,month-to-month,dsl,0,0
C100838,57,54,72.42,one-year,fiber,0,0
C100839,59,25,51.06,month-to-month,dsl,0,0
C100840,26,67,78.48,one-year,none,0,0
C100841,67,33,61.28,month-to-month,dsl,1,0
C100842,44,51,90.91,one-year,fiber,0,0
C100843,75,51,62.83,month-to-month,fiber,1,0
C100844,19,28,31.31,one-year,none,0,0
C100845,22,37,78.01,two-year,dsl,0,0
C100846,46,41,76.88,one-year,fiber,0,0
C100847,54,20,37.57,month-to-month,fiber,0,0
C100848,55,41,92.52,two-year,fiber,0,1
C100849,36,12,90.95,month-to-month,fiber,0,1
C100850,25,63,43.9,one-year,fiber,0,0
C100851,65,16,50.21,two-year,none,1,0
C100852,62,8,65.74,month-to-month,dsl,1,0
C100853,18,40,47.23,month-to-month,dsl,0,1
C100854,39,0,89.21,month-to-month,none,0,0
C100855,69,1,74.47,month-to-month,dsl,1,0
C100856,34,59,37.19,one-year,none,0,1
C100857,24,47,45.33,month-to-month,fiber,0,0
C100858,42,28,105.63,month-to-month,fiber,0,0
C100859,62,9,116.07,month-to-month,dsl,1,0
C100860,21,57,86.16,month-to-month,dsl,0,0
C100861,53,59,63.66,month-to-month,fiber,0,0
C100862,23,20,56.8,two-year,none,0,1
C100863,77,27,86.49,month-to-month,none,1,0
C100864,48,33,72.28,two-year,dsl,0,0
C100865,36,7,21.7,month-to-month,dsl,0,0
C100866,78,58,100.96,month-to-month,dsl,1,0
C100867,61,71,110.37,one-year,none,1,0
C100868,71,48,92.12,month-to-month,dsl,1,0
C100869,56,16,37.25,month-to-month,dsl,0,0
C100870,44,59,50.9,month-to-month,dsl,0,0
C100871,27,44,14.27,month-to-month,dsl,0,1
C100872,43,68,117.88,month-to-month,none,0,0
C100873,36,31,59.3,month-to-month,fiber,0,0
C100874,56,43,140.0,month-to-month,dsl,0,0
C100875,79,64,128.66,month-to-month,dsl,1,0
C100876,20,7,42.9,month-to-month,dsl,0,0
C100877,62,71,48.75,month-to-month,dsl,1,0
C100878,30,42,83.99,month-to-month,dsl,0,0
C100879,67,0,17.36,month-to-month,fiber,1,0
C100880,45,50,56.85,two-year,dsl,0,0
C100881,79,23,53.86,month-to-month,dsl,1,0
C100882,75,23,125.53,one-year,fiber,1,0
C100883,37,16,74.83,month-to-month,fiber,0,1
C100884,45,4,61.46,two-year,fiber,0,1
C100885,25,19,51.06,month-to-month,fiber,0,1
C100886,78,20,96.82,two-year,fiber,1,0
C100887,58,57,55.1,one-year,fiber,0,1
C100888,56,30,68.49,month-to-month,dsl,0,0
C100889,18,10,50.83,two-year,none,0,0
C100890,20,51,24.47,month-to-month,dsl,0,1
C100891,30,14,40.12,month-to-month,fiber,0,0
C100892,45,6,54.94,one-year,fiber,0,1
C100893,79,27,62.1,two-year,fiber,1,1
C100894,74,50,63.42,month-to-month,none,1,1
C100895,77,57,67.33,month-to-month,fiber,1,1
C100896,66,4,55.34,one-year,none,1,0
C100897,42,4,110.47,one-year,none,0,0
C100898,73,7,98.44,two-year,none,1,1
C100899,50,63,65.95,one-year,none,0,0
C100900,55,9,77.63,month-to-month,none,0,1
C100901,70,37,58.84,two-year,fiber,1,1
C100902,23,7,10.0,month-to-month,fiber,0,1
C100903,75,24,70.61,month-to-month,dsl,1,1
C100904,61,65,79.17,month-to-month,fiber,1,0
C100905,62,49,21.62,month-to-month,none,1,0
C100906,49,66,84.98,month-to-month,fiber,0,1
C100907,62,48,61.58,one-year,none,1,0
C100908,78,35,80.14,month-to-month,none,1,0
C100909,64,67,62.49,month-to-month,dsl,1,0
C100910,38,40,107.53,one-year,dsl,0,1
C100911,33,61,76.79,month-to-month,dsl,0,1
C100912,71,9,100.07,month-to-month,dsl,1,0
C100913,38,20,102.54,month-to-month,fiber,0,0
C100914,28,35,36.41,two-year,none,0,0
C100915,77,11,47.83,month-to-month,fiber,1,1
C100916,54,1,83.55,month-to-month,fiber,0,1
C100917,53,12,59.03,month-to-month,dsl,0,0
C100918,52,52,62.84,month-to-month,dsl,0,0
C100919,36,31,108.6,month-to-month,fiber,0,1
C100920,37,15,60.69,month-to-month,dsl,0,1
C100921,74,31,40.93,month-to-month,dsl,1,0
C100922,35,31,44.99,two-year,fiber,0,1
C100923,64,10,135.47,month-to-month,dsl,1,0
C100924,58,9,64.65,month-to-month,none,0,0
C100925,66,14,29.07,month-to-month,dsl,1,0
C100926,31,16,16.92,month-to-month,dsl,0,0
C100927,32,39,51.26,one-year,dsl,0,0
C100928,48,17,64.1,month-to-month,dsl,0,0
C100929,18,54,98.48,month-to-month,fiber,0,0
C100930,70,24,95.57,one-year,fiber,1,0
C100931,71,58,69.81,month-to-month,fiber,1,1
C100932,71,21,56.37,month-to-month,fiber,1,0
C100933,20,29,80.19,month-to-month,fiber,0,0
C100934,33,43,17.54,month-to-month,fiber,0,1
C100935,40,31,129.43,month-to-month,dsl,0,0
C100936,74,50,89.62,month-to-month,fiber,1,1
C100937,28,45,96.01,month-to-month,fiber,0,1
C100938,29,20,37.78,two-year,none,0,0
C100939,27,31,108.48,month-to-month,fiber,0,1
C100940,49,38,56.2,month-to-month,dsl,0,1
C100941,33,11,41.42,month-to-month,dsl,0,1
C100942,25,46,68.82,month-to-month,none,0,1
C100943,55,17,68.12,month-to-month,dsl,0,0
C100944,29,20,37.64,two-year,dsl,0,1
C100945,41,12,43.15,one-year,dsl,0,0
C100946,45,20,40.8,two-year,dsl,0,0
C100947,70,7,41.09,two-year,dsl,1,0
C100948,25,45,58.36,month-to-month,fiber,0,0
C100949,75,6,28.33,month-to-month,fiber,1,0
C100950,45,22,49.26,month-to-month,none,0,1
C100951,53,21,101.35,month-to-month,dsl,0,1
C100952,43,21,94.7,two-year,dsl,0,0
C100953,25,28,38.5,month-to-month,fiber,0,1
C100954,75,12,98.75,two-year,fiber,1,1
C100955,77,1,11.01,month-to-month,fiber,1,1
C100956,67,28,142.87,two-year,none,1,0
C100957,45,51,109.01,two-year,dsl,0,0
C100958,45,26,53.21,one-year,none,0,0
C100959,54,49,81.47,one-year,fiber,0,1
C100960,58,22,27.97,month-to-month,dsl,0,1
C100961,53,43,71.81,one-year,none,0,0
C100962,44,21,64.49,two-year,fiber,0,0
C100963,71,42,44.96,one-year,dsl,1,0
C100964,34,36,55.94,one-year,dsl,0,0
C100965,26,60,52.99,one-year,dsl,0,0
C100966,50,55,36.05,one-year,fiber,0,1
C100967,70,2,44.26,month-to-month,dsl,1,0
C100968,37,62,26.74,one-year,dsl,0,1
C100969,30,18,95.72,month-to-month,dsl,0,0
C100970,45,22,42.04,month-to-month,fiber,0,1
C100971,65,28,33.34,month-to-month,none,1,0
C100972,46,29,95.25,month-to-month,fiber,0,1
C100973,30,38,81.09,month-to-month,dsl,0,1
C100974,63,24,94.14,month-to-month,none,1,0
C100975,52,7,97.48,month-to-month,fiber,0,1
C100976,78,57,128.12,month-to-month,none,1,1
C100977,23,15,65.32,month-to-month,fiber,0,0
C100978,35,71,26.27,one-year,fiber,0,0
C100979,68,0,78.13,two-year,fiber,1,1
C100980,22,4,49.93,one-year,dsl,0,0
C100981,64,2,41.27,two-year,fiber,1,0
C100982,42,64,73.0,one-year,none,0,1
C100983,19,3,95.97,month-to-month,none,0,1
C100984,27,63,44.92,one-year,none,0,0
C100985,73,9,108.23,one-year,fiber,1,0
C100986,47,20,40.31,month-to-month,dsl,0,0
C100987,67,45,62.68,month-to-month,dsl,1,1
C100988,76,26,81.59,one-year,fiber,1,1
C100989,62,65,58.36,month-to-month,fiber,1,0
C100990,22,40,16.72,one-year,dsl,0,0
C100991,72,12,97.82,month-to-month,dsl,1,0
C100992,73,8,51.3,month-to-month,fiber,1,1
C100993,50,35,92.35,month-to-month,fiber,0,0
C100994,71,57,32.08,month-to-month,none,1,0
C100995,18,53,37.2,month-to-month,fiber,0,0
C100996,35,11,95.87,one-year,fiber,0,0
C100997,49,13,80.22,one-year,fiber,0,0
C100998,64,33,56.84,two-year,none,1,0
C100999,66,52,80.65,month-to-month,fiber,1,1
C101000,28,19,41.38,one-year,none,0,0
C101001,38,15,73.31,month-to-month,none,0,0
C101002,43,69,73.86,month-to-month,none,0,1
C101003,42,55,58.79,month-to-month,fiber,0,0
C101004,39,57,44.94,month-to-month,dsl,0,0
C101005,76,3,72.11,month-to-month,dsl,1,0
C101006,44,3,68.35,month-to-month,dsl,0,1
C101007,66,19,56.03,one-year,dsl,1,0
C101008,30,9,38.99,one-year,dsl,0,0
C101009,50,23,70.37,month-to-month,dsl,0,0
C101010,51,25,56.1,month-to-month,fiber,0,0
C101011,58,36,38.96,month-to-month,fiber,0,1
C101012,52,53,71.31,month-to-month,dsl,0,1
C101013,18,20,118.25,one-year,fiber,0,0
C101014,38,37,59.0,month-to-month,fiber,0,1
C101015,65,45,114.93,one-year,fiber,1,0
C101016,72,3,133.43,two-year,none,1,0
C101017,23,59,41.4,month-to-month,dsl,0,0
C101018,45,56,70.27,two-year,dsl,0,0
C101019,34,44,133.11,month-to-month,fiber,0,0
C101020,22,19,66.37,month-to-month,dsl,0,0
C101021,48,16,71.1,month-to-month,fiber,0,0
C101022,22,70,19.9,month-to-month,fiber,0,0
C101023,55,3,54.05,month-to-month,dsl,0,1
C101024,20,13,86.67,month-to-month,dsl,0,1
C101025,70,2,142.88,one-year,dsl,1,1
C101026,40,57,64.12,two-year,fiber,0,0
C101027,54,54,20.12,one-year,fiber,0,0
C101028,70,3,27.84,month-to-month,dsl,1,1
C101029,54,23,68.93,one-year,dsl,0,1
C101030,27,33,105.32,one-year,dsl,0,0
C101031,27,29,89.12,one-year,dsl,0,1
C101032,36,18,83.81,one-year,none,0,1
C101033,34,30,109.27,two-year,dsl,0,1
C101034,38,59,48.39,month-to-month,fiber,0,0
C101035,31,59,70.57,one-year,none,0,0
C101036,26,18,54.39,month-to-month,dsl,0,0
C101037,63,48,61.86,two-year,fiber,1,0
C101038,18,62,39.81,month-to-month,none,0,0
C101039,68,21,59.68,month-to-month,none,1,0
C101040,62,23,69.17,month-to-month,fiber,1,1
C101041,30,29,58.86,one-year,fiber,0,0
C101042,21,57,65.17,month-to-month,none,0,0
C101043,79,30,82.15,month-to-month,dsl,1,0
C101044,18,63,107.16,two-year,none,0,0
C101045,66,18,109.33,two-year,fiber,1,1
C101046,57,47,92.84,month-to-month,fiber,0,0
C101047,49,44,32.2,month-to-month,none,0,1
C101048,51,54,59.19,one-year,none,0,0
C101049,45,54,61.77,two-year,fiber,0,0
C101050,48,17,50.29,month-to-month,dsl,0,1
C101051,25,62,80.27,one-year,fiber,0,0
C101052,56,46,22.17,month-to-month,fiber,0,0
C101053,43,56,120.81,one-year,fiber,0,0
C101054,75,44,105.86,one-year,none,1,0
C101055,51,32,84.35,month-to-month,none,0,0
C101056,71,16,68.14,month-to-month,fiber,1,1
C101057,71,69,106.87,two-year,dsl,1,0
C101058,20,3,90.68,one-year,fiber,0,1
C101059,76,19,103.2,month-to-month,fiber,1,1
C101060,67,46,68.23,one-year,fiber,1,0
C101061,29,14,123.68,one-year,fiber,0,0
C101062,18,69,105.01,month-to-month,fiber,0,1
C101063,71,46,85.29,one-year,dsl,1,0
C101064,61,8,107.68,month-to-month,dsl,1,0
C101065,22,15,57.43,two-year,fiber,0,0
C101066,47,68,34.97,month-to-month,dsl,0,1
C101067,47,60,79.65,month-to-month,dsl,0,0
C101068,76,9,68.29,month-to-month,dsl,1,1
C101069,74,49,64.07,one-year,fiber,1,0
C101070,34,2,106.49,one-year,dsl,0,0
C101071,65,69,75.01,two-year,none,1,0
C101072,64,50,77.91,one-year,fiber,1,0
C101073,40,18,60.19,month-to-month,fiber,0,1
C101074,32,41,96.43,two-year,fiber,0,0
C101075,54,34,91.06,month-to-month,dsl,0,0
C101076,38,45,96.21,one-year,fiber,0,0
C101077,31,25,55.08,month-to-month,none,0,0
C101078,19,68,109.12,one-year,fiber,0,0
C101079,28,63,125.16,one-year,none,0,0
C101080,68,36,95.26,one-year,fiber,1,0
C101081,56,48,45.72,month-to-month,dsl,0,1
C101082,55,20,45.93,month-to-month,dsl,0,1
C101083,77,63,58.74,month-to-month,fiber,1,0
C101084,51,4,53.07,one-year,fiber,0,0
C101085,55,69,67.87,month-to-month,dsl,0,0
C101086,67,3,88.97,two-year,none,1,0
C101087,51,38,78.7,month-to-month,fiber,0,0
C101088,35,34,76.07,month-to-month,dsl,0,1
C101089,47,0,62.76,one-year,none,0,0
C101090,32,23,67.78,month-to-month,none,0,0
C101091,44,56,93.9,two-year,fiber,0,0
C101092,68,69,10.0,one-year,none,1,0
C101093,51,40,69.66,month-to-month,none,0,1
C101094,69,53,78.64,month-to-month,fiber,1,1
C101095,74,45,93.51,month-to-month,dsl,1,0
C101096,55,59,39.7,month-to-month,dsl,0,0
C101097,50,59,38.11,one-year,fiber,0,1
C101098,41,56,87.52,month-to-month,dsl,0,0
C101099,32,30,12.87,month-to-month,none,0,1
C101100,77,23,109.97,month-to-month,fiber,1,0
C101101,47,35,76.8,month-to-month,fiber,0,0
C101102,72,29,116.76,month-to-month,none,1,0
C101103,59,23,37.39,two-year,none,0,0
C101104,68,29,56.91,one-year,dsl,1,0
C101105,34,6,10.0,one-year,dsl,0,0
C101106,22,34,46.13,one-year,fiber,0,0
C101107,46,54,64.48,month-to-month,fiber,0,1
C101108,21,13,11.12,two-year,fiber,0,0
C101109,27,9,58.16,month-to-month,fiber,0,0
C101110,73,15,10.38,month-to-month,none,1,1
C101111,34,53,62.28,month-to-month,fiber,0,0
C101112,27,69,104.41,month-to-month,fiber,0,0
C101113,34,43,68.95,one-year,dsl,0,0
C101114,77,44,119.75,month-to-month,fiber,1,1
C101115,37,55,93.59,one-year,dsl,0,1
C101116,41,56,110.44,month-to-month,none,0,0
C101117,22,20,47.05,month-to-month,dsl,0,0
C101118,51,67,46.33,one-year,fiber,0,1
C101119,23,49,80.37,month-to-month,dsl,0,1
C101120,70,32,22.67,month-to-month,dsl,1,1
C101121,19,6,84.13,month-to-month,fiber,0,1
C101122,30,69,60.28,one-year,fiber,0,0
C101123,79,14,109.9,one-year,dsl,1,0
C101124,60,31,90.39,month-to-month,dsl,1,0
C101125,60,19,102.9,two-year,fiber,1,0
C101126,65,14,47.37,two-year,fiber,1,0
C101127,28,47,101.45,one-year,dsl,0,1
C101128,68,70,113.34,one-year,fiber,1,1
C101129,64,20,68.84,month-to-month,dsl,1,0
C101130,74,41,47.82,one-year,fiber,1,0
C101131,40,25,48.35,month-to-month,dsl,0,0
C101132,72,13,107.17,month-to-month,fiber,1,0
C101133,33,56,150.53,two-year,dsl,0,0
C101134,48,36,40.55,one-year,none,0,0
C101135,28,57,38.24,month-to-month,dsl,0,1
C101136,71,20,97.64,month-to-month,dsl,1,0
C101137,33,68,47.38,one-year,dsl,0,0
C101138,25,2,100.55,month-to-month,none,0,1
C101139,21,36,83.96,month-to-month,fiber,0,0
C101140,57,48,69.28,month-to-month,fiber,0,1
C101141,21,18,83.24,month-to-month,none,0,0
C101142,73,11,81.41,one-year,none,1,0
C101143,42,60,64.61,month-to-month,fiber,0,0
C101144,20,40,17.31,one-year,dsl,0,0
C101145,49,32,75.36,month-to-month,none,0,0
C101146,20,49,117.19,one-year,dsl,0,0
C101147,44,67,21.74,two-year,fiber,0,0
C101148,46,70,41.03,one-year,fiber,0,0
C101149,49,32,82.8,two-year,fiber,0,0
C101150,67,23,71.16,two-year,fiber,1,0
C101151,78,60,82.34,month-to-month,fiber,1,1
C101152,75,60,49.02,one-year,none,1,0
C101153,68,27,104.87,two-year,dsl,1,1
C101154,36,57,71.41,month-to-month,dsl,0,0
C101155,38,42,90.91,month-to-month,fiber,0,0
C101156,22,40,79.61,two-year,none,0,0
C101157,35,38,75.26,one-year,dsl,0,0
C101158,45,48,88.81,month-to-month,dsl,0,0
C101159,59,16,75.59,month-to-month,dsl,0,1
C101160,78,69,34.29,one-year,dsl,1,0
C101161,39,69,102.62,month-to-month,none,0,0
C101162,38,64,94.54,one-year,fiber,0,0
C101163,23,4,10.0,one-year,fiber,0,1
C101164,18,1,50.37,one-year,fiber,0,0
C101165,22,21,101.27,month-to-month,fiber,0,0
C101166,58,56,15.19,one-year,dsl,0,1
C101167,29,65,98.31,one-year,fiber,0,1
C101168,43,15,65.76,one-year,fiber,0,1
C101169,63,50,110.21,month-to-month,dsl,1,0
C101170,51,38,69.97,month-to-month,fiber,0,0
C101171,66,39,48.34,two-year,dsl,1,0
C101172,31,37,79.24,month-to-month,dsl,0,0
C101173,43,59,69.09,month-to-month,dsl,0,0
C101174,62,58,45.67,month-to-month,fiber,1,1
C101175,44,9,136.55,one-year,dsl,0,0
C101176,26,63,40.87,month-to-month,none,0,0
C101177,43,62,10.0,month-to-month,dsl,0,0
C101178,74,48,117.45,month-to-month,fiber,1,0
C101179,64,63,52.49,one-year,none,1,0
C101180,74,31,61.1,month-to-month,none,1,0
C101181,39,6,59.26,month-to-month,none,0,1
C101182,64,20,52.91,month-to-month,dsl,1,0
C101183,73,19,47.01,two-year,dsl,1,0
C101184,47,25,40.1,month-to-month,fiber,0,1
C101185,60,67,71.94,month-to-month,dsl,1,0
C101186,65,14,57.94,month-to-month,dsl,1,0
C101187,78,13,91.91,two-year,none,1,0
C101188,34,26,84.48,one-year,fiber,0,0
C101189,43,39,42.17,two-year,fiber,0,0
C101190,53,57,73.26,one-year,none,0,0
C101191,18,27,57.46,month-to-month,fiber,0,0
C101192,25,25,40.25,one-year,fiber,0,1
C101193,66,62,90.68,month-to-month,fiber,1,1
C101194,52,65,66.36,month-to-month,dsl,0,1
C101195,78,24,57.77,month-to-month,fiber,1,1
C101196,69,2,44.33,month-to-month,none,1,0
C101197,32,71,39.16,two-year,none,0,0
C101198,64,43,129.66,month-to-month,none,1,1
C101199,73,41,80.02,two-year,fiber,1,0
C101200,39,5,37.27,month-to-month,none,0,1
C101201,31,38,78.64,month-to-month,dsl,0,1
C101202,43,51,101.86,two-year,dsl,0,0
C101203,45,22,75.03,one-year,fiber,0,0
C101204,40,49,111.22,one-year,fiber,0,0
C101205,31,42,23.72,month-to-month,dsl,0,1
C101206,41,18,10.26,month-to-month,fiber,0,0
C101207,19,68,77.82,one-year,dsl,0,1
C101208,62,50,78.29,one-year,fiber,1,0
C101209,43,10,10.0,month-to-month,fiber,0,1
C101210,31,11,51.29,two-year,fiber,0,0
C101211,76,7,39.74,one-year,dsl,1,0
C101212,73,23,28.24,two-year,fiber,1,1
C101213,68,40,39.67,one-year,fiber,1,1
C101214,24,35,87.87,one-year,fiber,0,0
C101215,20,71,39.48,month-to-month,fiber,0,1
C101216,64,54,40.51,month-to-month,fiber,1,1
C101217,40,8,21.44,two-year,none,0,0
C101218,63,46,108.07,month-to-month,dsl,1,0
C101219,60,14,83.04,month-to-month,fiber,1,1
C101220,64,47,10.0,month-to-month,fiber,1,0
C101221,77,41,40.53,month-to-month,fiber,1,0
C101222,62,59,85.86,two-year,dsl,1,0
C101223,35,69,108.44,two-year,dsl,0,0
C101224,75,11,95.23,month-to-month,dsl,1,0
C101225,55,1,59.33,month-to-month,none,0,1
C101226,52,6,12.06,one-year,fiber,0,0
C101227,68,2,96.11,one-year,fiber,1,1
C101228,32,2,61.09,two-year,none,0,1
C101229,42,26,72.07,month-to-month,dsl,0,0
C101230,72,39,64.68,month-to-month,none,1,0
C101231,54,32,29.33,month-to-month,fiber,0,0
C101232,45,0,80.93,two-year,dsl,0,0
C101233,27,7,76.79,one-year,none,0,0
C101234,56,31,57.23,one-year,none,0,0
C101235,74,47,84.13,month-to-month,none,1,0
C101236,34,3,28.78,one-year,dsl,0,0
C101237,56,69,61.93,one-year,none,0,0
C101238,39,18,70.78,month-to-month,none,0,0
C101239,43,31,17.95,month-to-month,fiber,0,0
C101240,79,8,68.29,month-to-month,dsl,1,0
C101241,61,11,92.01,month-to-month,dsl,1,1
C101242,42,10,60.9,month-to-month,none,0,0
C101243,34,45,68.98,month-to-month,fiber,0,0
C101244,30,15,86.87,month-to-month,fiber,0,1
C101245,37,0,58.37,month-to-month,dsl,0,0
C101246,42,62,61.07,month-to-month,dsl,0,0
C101247,21,20,34.7,two-year,fiber,0,0
C101248,27,29,69.55,month-to-month,fiber,0,0
C101249,20,12,59.95,one-year,none,0,0
C101250,58,33,84.97,month-to-month,fiber,0,1
C101251,62,3,86.9,one-year,fiber,1,0
C101252,35,27,93.74,month-to-month,dsl,0,1
C101253,64,58,54.75,one-year,dsl,1,0
C101254,53,26,10.0,month-to-month,fiber,0,0
C101255,64,68,92.25,one-year,dsl,1,0
C101256,39,24,82.93,month-to-month,dsl,0,0
C101257,51,2,50.94,one-year,none,0,0
C101258,64,67,86.65,month-to-month,fiber,1,0
C101259,25,24,26.54,month-to-month,dsl,0,0
C101260,57,19,100.91,month-to-month,dsl,0,0
C101261,66,33,59.99,one-year,dsl,1,0
C101262,61,25,45.13,two-year,none,1,0
C101263,36,4,51.35,one-year,dsl,0,0
C101264,59,60,63.06,month-to-month,dsl,0,1
C101265,58,8,69.64,month-to-month,fiber,0,1
C101266,54,49,71.45,two-year,dsl,0,0
C101267,23,5,57.11,month-to-month,dsl,0,0
C101268,69,59,76.01,one-year,dsl,1,0
C101269,43,43,70.25,two-year,dsl,0,1
C101270,51,10,50.57,two-year,dsl,0,0
C101271,76,65,46.05,month-to-month,dsl,1,1
C101272,73,46,88.25,month-to-month,none,1,0
C101273,76,2,85.73,month-to-month,dsl,1,0
C101274,62,29,71.71,one-year,fiber,1,0
C101275,23,20,97.73,month-to-month,fiber,0,0
C101276,54,27,11.16,month-to-month,fiber,0,1
C101277,74,61,53.07,month-to-month,dsl,1,0
C101278,50,32,35.31,month-to-month,dsl,0,0
C101279,70,34,137.69,one-year,fiber,1,0
C101280,39,51,91.4,one-year,fiber,0,0
C101281,38,33,67.63,month-to-month,fiber,0,0
C101282,23,40,93.55,month-to-month,dsl,0,0
C101283,23,50,103.49,two-year,none,0,0
C101284,72,46,103.17,month-to-month,dsl,1,0
C101285,65,57,97.65,one-year,fiber,1,0
C101286,21,56,62.12,two-year,fiber,0,0
C101287,47,22,54.96,month-to-month,dsl,0,0
C101288,28,47,41.13,month-to-month,fiber,0,0
C101289,79,21,85.07,two-year,fiber,1,1
C101290,79,16,65.23,month-to-month,none,1,0
C101291,47,68,57.45,month-to-month,none,0,0
C101292,48,10,55.88,month-to-month,fiber,0,1
C101293,41,14,113.51,month-to-month,fiber,0,0
C101294,72,34,98.58,one-year,dsl,1,1
C101295,26,32,124.91,two-year,fiber,0,0
C101296,72,15,85.87,one-year,dsl,1,0
C101297,20,33,71.71,month-to-month,fiber,0,1
C101298,68,65,69.24,month-to-month,dsl,1,1
C101299,48,39,39.39,one-year,fiber,0,0
C101300,57,27,32.16,month-to-month,fiber,0,1
C101301,54,46,85.22,one-year,none,0,0
C101302,53,38,41.96,month-to-month,fiber,0,1
C101303,41,69,76.34,one-year,none,0,0
C101304,48,19,103.46,month-to-month,fiber,0,0
C101305,23,0,50.04,month-to-month,fiber,0,0
C101306,19,71,130.31,month-to-month,fiber,0,1
C101307,37,62,40.28,month-to-month,dsl,0,0
C101308,45,66,99.71,month-to-month,none,0,0
C101309,28,3,82.74,one-year,fiber,0,0
C101310,21,57,105.82,one-year,none,0,0
C101311,32,24,36.51,one-year,fiber,0,0
C101312,23,46,139.21,two-year,none,0,0
C101313,71,37,64.64,month-to-month,fiber,1,0
C101314,66,14,90.3,month-to-month,dsl,1,1
C101315,47,62,113.33,month-to-month,dsl,0,0
C101316,73,20,51.86,one-year,fiber,1,0
C101317,55,56,94.77,month-to-month,fiber,0,1
C101318,68,52,46.86,one-year,dsl,1,0
C101319,79,45,111.91,month-to-month,none,1,0
C101320,74,13,47.19,two-year,fiber,1,0
C101321,19,16,71.16,two-year,none,0,0
C101322,32,38,79.18,month-to-month,none,0,1
C101323,28,8,93.53,month-to-month,fiber,0,1
C101324,25,5,129.05,one-year,none,0,1
C101325,43,22,56.44,month-to-month,fiber,0,1
C101326,68,58,104.16,month-to-month,none,1,1
C101327,62,45,129.11,one-year,fiber,1,0
C101328,61,37,74.97,month-to-month,fiber,1,0
C101329,22,13,53.5,one-year,fiber,0,0
C101330,23,71,18.1,one-year,fiber,0,0
C101331,43,61,126.5,month-to-month,fiber,0,1
C101332,71,34,62.67,month-to-month,fiber,1,0
C101333,21,18,39.96,month-to-month,dsl,0,1
C101334,36,29,29.25,one-year,none,0,0
C101335,37,24,39.9,month-to-month,fiber,0,0
C101336,50,39,97.59,two-year,fiber,0,1
C101337,37,13,101.74,month-to-month,fiber,0,0
C101338,66,25,89.56,month-to-month,fiber,1,0
C101339,29,21,73.97,month-to-month,none,0,0
C101340,64,47,32.63,month-to-month,fiber,1,1
C101341,18,50,48.1,month-to-month,dsl,0,0
C101342,43,2,36.8,month-to-month,fiber,0,0
C101343,31,41,87.18,month-to-month,fiber,0,0
C101344,55,18,38.1,month-to-month,none,0,0
C101345,54,27,48.57,month-to-month,fiber,0,0
C101346,79,44,64.5,one-year,none,1,0
C101347,28,70,19.91,month-to-month,fiber,0,1
C101348,53,62,71.4,month-to-month,none,0,1
C101349,30,18,66.79,one-year,dsl,0,0
C101350,60,46,105.53,month-to-month,none,1,0
C101351,20,13,45.4,one-year,none,0,0
C101352,50,37,31.02,month-to-month,none,0,0
C101353,23,52,58.78,month-to-month,dsl,0,1
C101354,67,60,37.06,two-year,dsl,1,0
C101355,73,35,71.17,month-to-month,fiber,1,0
C101356,27,39,14.2,one-year,dsl,0,0
C101357,22,29,51.84,month-to-month,dsl,0,0
C101358,40,8,42.15,one-year,dsl,0,0
C101359,27,63,87.03,two-year,fiber,0,1
C101360,61,32,45.68,month-to-month,fiber,1,0
C101361,19,51,17.92,one-year,dsl,0,0
C101362,30,13,63.95,month-to-month,dsl,0,1
C101363,57,52,79.6,one-year,fiber,0,0
C101364,19,58,61.86,month-to-month,fiber,0,1
C101365,37,40,51.66,two-year,dsl,0,0
C101366,18,67,49.85,month-to-month,fiber,0,1
C101367,54,67,73.39,month-to-month,none,0,0
C101368,26,7,43.32,two-year,none,0,0
C101369,34,1,60.15,one-year,none,0,0
C101370,26,40,92.51,month-to-month,none,0,0
C101371,28,54,30.96,month-to-month,fiber,0,1
C101372,32,15,68.69,month-to-month,fiber,0,0
C101373,41,61,16.33,month-to-month,fiber,0,0
C101374,55,47,76.84,month-to-month,fiber,0,0
C101375,72,29,40.64,one-year,dsl,1,0
C101376,52,11,100.59,month-to-month,fiber,0,0
C101377,47,34,25.69,one-year,fiber,0,1
C101378,48,10,83.26,one-year,dsl,0,0
C101379,66,63,106.63,month-to-month,fiber,1,0
C101380,22,49,39.08,month-to-month,dsl,0,0
C101381,79,20,44.14,month-to-month,dsl,1,1
C101382,77,68,41.67,month-to-month,dsl,1,1
C101383,61,47,55.42,one-year,fiber,1,0
C101384,67,19,85.52,month-to-month,dsl,1,0
C101385,31,66,52.97,one-year,none,0,0
C101386,70,43,36.37,month-to-month,fiber,1,0
C101387,73,32,10.0,month-to-month,fiber,1,0
C101388,28,60,118.06,month-to-month,dsl,0,0
C101389,26,8,120.41,month-to-month,fiber,0,0
C101390,51,67,86.81,month-to-month,fiber,0,0
C101391,29,34,45.69,month-to-month,fiber,0,0
C101392,52,64,92.43,two-year,fiber,0,0
C101393,52,7,98.46,one-year,none,0,1
C101394,18,44,62.37,month-to-month,none,0,0
C101395,57,46,71.24,month-to-month,fiber,0,1
C101396,39,39,106.95,month-to-month,dsl,0,0
C101397,77,53,20.79,month-to-month,fiber,1,1
C101398,46,45,99.95,month-to-month,fiber,0,0
C101399,25,46,60.73,month-to-month,fiber,0,1
C101400,28,14,36.62,month-to-month,none,0,0
C101401,58,18,39.09,month-to-month,fiber,0,1
C101402,54,25,44.06,month-to-month,none,0,0
C101403,31,51,33.7,month-to-month,dsl,0,0
C101404,77,21,123.14,one-year,dsl,1,1
C101405,47,20,84.74,month-to-month,dsl,0,0
C101406,52,50,101.93,month-to-month,none,0,0
C101407,38,37,86.87,month-to-month,none,0,1
C101408,54,19,71.84,two-year,fiber,0,0
C101409,22,28,72.24,two-year,fiber,0,0
C101410,36,50,58.07,one-year,fiber,0,1
C101411,76,3,60.53,month-to-month,none,1,0
C101412,31,54,27.76,month-to-month,none,0,1
C101413,43,70,102.45,one-year,fiber,0,0
C101414,79,27,15.6,month-to-month,fiber,1,1
C101415,21,3,38.24,month-to-month,dsl,0,0
C101416,42,21,130.36,two-year,fiber,0,1
C101417,62,44,74.09,month-to-month,fiber,1,1
C101418,59,66,75.33,month-to-month,dsl,0,0
C101419,42,65,89.12,month-to-month,none,0,0
C101420,35,33,23.79,month-to-month,fiber,0,0
C101421,57,54,28.19,month-to-month,none,0,1
C101422,25,0,56.65,one-year,dsl,0,1
C101423,56,71,42.9,one-year,fiber,0,0
C101424,57,37,67.75,month-to-month,fiber,0,1
C101425,31,5,84.57,two-year,dsl,0,0
C101426,49,24,111.67,month-to-month,fiber,0,0
C101427,68,16,94.33,month-to-month,dsl,1,0
C101428,78,60,40.17,one-year,dsl,1,0
C101429,55,11,58.75,one-year,dsl,0,0
C101430,50,5,50.59,one-year,dsl,0,0
C101431,40,26,39.5,two-year,fiber,0,0
C101432,32,7,32.67,one-year,dsl,0,0
C101433,50,64,119.93,two-year,fiber,0,0
C101434,42,56,70.32,month-to-month,fiber,0,1
C101435,34,39,63.27,one-year,fiber,0,0
C101436,50,13,84.53,two-year,none,0,0
C101437,64,34,86.01,one-year,fiber,1,0
C101438,72,47,103.56,month-to-month,fiber,1,1
C101439,19,55,47.69,month-to-month,dsl,0,0
C101440,31,48,82.08,month-to-month,fiber,0,1
C101441,70,12,42.66,month-to-month,none,1,0
C101442,57,60,64.3,two-year,fiber,0,1
C101443,57,48,71.7,month-to-month,dsl,0,0
C101444,68,45,74.63,month-to-month,fiber,1,0
C101445,56,61,73.31,two-year,fiber,0,0
C101446,68,7,94.05,month-to-month,fiber,1,0
C101447,23,42,52.09,month-to-month,fiber,0,0
C101448,23,19,75.45,month-to-month,dsl,0,1
C101449,20,38,47.23,one-year,none,0,1
C101450,24,48,157.62,month-to-month,dsl,0,1
C101451,68,63,42.61,two-year,dsl,1,0
C101452,25,61,48.98,month-to-month,fiber,0,0
C101453,59,53,96.48,month-to-month,dsl,0,1
C101454,69,8,57.12,month-to-month,dsl,1,0
C101455,32,36,96.49,one-year,dsl,0,1
C101456,64,48,74.59,month-to-month,fiber,1,0
C101457,46,40,57.9,month-to-month,none,0,1
C101458,50,16,47.42,month-to-month,none,0,0
C101459,69,20,46.33,one-year,fiber,1,1
C101460,47,50,58.23,month-to-month,dsl,0,0
C101461,56,58,64.77,one-year,fiber,0,1
C101462,44,38,45.04,one-year,fiber,0,0
C101463,53,54,66.72,month-to-month,dsl,0,1
C101464,46,40,37.18,month-to-month,dsl,0,1
C101465,55,38,92.68,month-to-month,dsl,0,0
C101466,74,12,98.42,month-to-month,fiber,1,0
C101467,50,63,48.87,month-to-month,fiber,0,0
C101468,78,10,47.19,month-to-month,none,1,0
C101469,54,18,75.34,month-to-month,dsl,0,0
C101470,44,10,107.96,month-to-month,dsl,0,0
C101471,72,45,114.6,month-to-month,fiber,1,0
C101472,50,44,27.92,month-to-month,fiber,0,1
C101473,79,0,100.19,one-year,dsl,1,0
C101474,21,39,68.15,two-year,dsl,0,0
C101475,39,18,68.73,two-year,dsl,0,1
C101476,19,71,85.14,month-to-month,dsl,0,1
C101477,27,71,55.57,month-to-month,dsl,0,0
C101478,22,60,102.9,month-to-month,none,0,0
C101479,76,11,112.72,month-to-month,fiber,1,0
C101480,27,60,113.84,month-to-month,fiber,0,1
C101481,50,32,14.68,one-year,fiber,0,0
C101482,71,44,63.11,month-to-month,dsl,1,0
C101483,55,68,11.94,month-to-month,dsl,0,1
C101484,30,7,47.04,two-year,fiber,0,0
C101485,48,24,10.0,month-to-month,fiber,0,0
C101486,64,45,83.51,month-to-month,dsl,1,1
C101487,53,29,76.58,month-to-month,fiber,0,1
C101488,62,46,57.02,month-to-month,fiber,1,0
C101489,41,48,46.27,one-year,dsl,0,0
C101490,69,46,79.42,month-to-month,dsl,1,1
C101491,73,17,39.66,month-to-month,fiber,1,1
C101492,32,65,37.62,one-year,fiber,0,0
C101493,46,67,33.93,one-year,dsl,0,0
C101494,25,32,63.88,two-year,dsl,0,0
C101495,22,35,52.53,one-year,fiber,0,0
C101496,46,18,58.47,month-to-month,dsl,0,0
C101497,64,27,85.65,month-to-month,fiber,1,1
C101498,21,39,98.9,month-to-month,fiber,0,0
C101499,29,14,113.51,month-to-month,dsl,0,0
C101500,62,40,71.8,one-year,dsl,1,0
C101501,19,38,80.43,one-year,fiber,0,0
C101502,44,1,75.67,month-to-month,dsl,0,1
C101503,48,62,19.77,month-to-month,dsl,0,0
C101504,68,28,58.91,month-to-month,fiber,1,0
C101505,68,65,59.05,two-year,dsl,1,0
C101506,53,50,54.68,month-to-month,fiber,0,1
C101507,53,9,68.77,one-year,dsl,0,0
C101508,43,13,63.42,one-year,fiber,0,0
C101509,60,50,40.41,two-year,dsl,1,0
C101510,44,38,65.47,one-year,none,0,0
C101511,22,27,50.83,one-year,fiber,0,1
C101512,37,2,10.0,month-to-month,dsl,0,1
C101513,28,69,28.09,month-to-month,fiber,0,0
C101514,79,26,72.67,month-to-month,fiber,1,0
C101515,27,1,102.76,month-to-month,fiber,0,1
C101516,57,37,10.0,two-year,none,0,0
C101517,55,2,43.89,month-to-month,fiber,0,0
C101518,23,15,82.94,two-year,dsl,0,0
C101519,25,39,96.35,month-to-month,fiber,0,0
C101520,40,1,57.4,month-to-month,dsl,0,1
C101521,64,40,49.52,two-year,fiber,1,0
C101522,43,11,106.59,month-to-month,fiber,0,1
C101523,63,34,93.88,month-to-month,dsl,1,0
C101524,60,64,95.76,month-to-month,dsl,1,0
C101525,29,54,55.96,one-year,fiber,0,0
C101526,43,44,103.41,month-to-month,fiber,0,1
C101527,30,61,11.65,month-to-month,fiber,0,0
C101528,57,48,103.94,month-to-month,dsl,0,0
C101529,79,24,68.0,one-year,fiber,1,1
C101530,35,22,73.87,one-year,dsl,0,0
C101531,42,23,41.64,month-to-month,dsl,0,0
C101532,50,37,15.58,month-to-month,dsl,0,0
C101533,64,27,73.23,one-year,dsl,1,0
C101534,57,20,86.54,month-to-month,fiber,0,1
C101535,77,53,91.08,month-to-month,none,1,1
C101536,60,17,87.84,month-to-month,fiber,1,1
C101537,29,35,81.04,two-year,dsl,0,0
C101538,61,44,42.29,month-to-month,fiber,1,0
C101539,53,52,93.02,month-to-month,fiber,0,1
C101540,65,29,38.93,one-year,dsl,1,0
C101541,21,59,103.21,one-year,none,0,0
C101542,22,31,67.48,month-to-month,fiber,0,0
C101543,73,66,68.48,month-to-month,none,1,0
C101544,54,66,95.98,one-year,fiber,0,1
C101545,25,27,100.04,two-year,fiber,0,0
C101546,59,43,93.12,one-year,dsl,0,0
C101547,66,40,45.39,month-to-month,fiber,1,0
C101548,45,62,92.88,month-to-month,dsl,0,0
C101549,48,22,45.56,two-year,none,0,0
C101550,75,47,93.64,one-year,fiber,1,0
C101551,26,31,27.25,month-to-month,none,0,0
C101552,71,56,67.19,month-to-month,fiber,1,1
C101553,68,32,45.37,one-year,none,1,0
C101554,46,23,96.1,month-to-month,dsl,0,0
C101555,31,38,103.46,month-to-month,fiber,0,1
C101556,57,33,75.97,month-to-month,fiber,0,1
C101557,58,55,74.98,month-to-month,fiber,0,0
C101558,39,27,91.13,month-to-month,fiber,0,1
C101559,28,36,103.63,one-year,dsl,0,1
C101560,40,6,71.12,month-to-month,dsl,0,1
C101561,18,67,55.01,month-to-month,none,0,1
C101562,63,36,89.42,month-to-month,fiber,1,1
C101563,54,55,14.24,month-to-month,dsl,0,0
C101564,38,64,97.29,month-to-month,fiber,0,1
C101565,43,64,48.69,month-to-month,none,0,0
C101566,63,46,62.79,one-year,dsl,1,1
C101567,53,19,97.48,month-to-month,none,0,0
C101568,71,18,57.53,month-to-month,none,1,0
C101569,40,28,89.42,month-to-month,none,0,0
C101570,74,59,104.17,month-to-month,none,1,0
C101571,18,17,73.3,two-year,fiber,0,0
C101572,71,34,79.34,month-to-month,fiber,1,1
C101573,72,42,66.42,two-year,dsl,1,0
C101574,68,10,73.47,month-to-month,dsl,1,1
C101575,57,48,36.51,one-year,fiber,0,0
C101576,32,37,61.19,month-to-month,fiber,0,1
C101577,38,63,31.35,one-year,dsl,0,0
C101578,64,68,43.04,month-to-month,fiber,1,0
C101579,26,7,10.0,month-to-month,dsl,0,1
C101580,70,33,77.92,one-year,none,1,1
C101581,26,47,120.75,one-year,dsl,0,0
C101582,27,55,56.32,month-to-month,fiber,0,1
C101583,69,64,98.95,month-to-month,fiber,1,0
C101584,74,30,103.77,month-to-month,dsl,1,0
C101585,70,3,34.03,one-year,none,1,0
C101586,43,49,40.49,month-to-month,fiber,0,1
C101587,58,68,99.72,month-to-month,dsl,0,1
C101588,52,29,67.23,one-year,dsl,0,0
C101589,69,58,31.28,two-year,dsl,1,0
C101590,42,66,50.89,one-year,dsl,0,0
C101591,43,44,82.59,one-year,fiber,0,0
C101592,28,3,46.18,one-year,fiber,0,0
C101593,55,25,10.0,month-to-month,none,0,0
C101594,19,26,60.34,month-to-month,fiber,0,1
C101595,24,45,62.77,one-year,dsl,0,1
C101596,35,63,70.28,month-to-month,dsl,0,0
C101597,44,50,107.77,two-year,fiber,0,0
C101598,51,49,71.61,month-to-month,dsl,0,0
C101599,44,5,77.29,month-to-month,dsl,0,1
C101600,34,58,101.67,two-year,none,0,0
C101601,60,14,70.31,one-year,dsl,1,0
C101602,76,29,134.1,month-to-month,none,1,0
C101603,61,41,32.09,one-year,dsl,1,0
C101604,76,36,41.98,one-year,none,1,0
C101605,68,41,88.42,month-to-month,fiber,1,0
C101606,71,34,107.63,month-to-month,fiber,1,1
C101607,41,5,63.98,one-year,dsl,0,0
C101608,42,67,39.68,two-year,none,0,1
C101609,24,17,122.83,month-to-month,none,0,1
C101610,69,28,46.23,two-year,fiber,1,0
C101611,23,58,80.17,two-year,fiber,0,0
C101612,70,46,109.42,month-to-month,fiber,1,0
C101613,41,16,56.75,one-year,dsl,0,0
C101614,50,21,51.34,month-to-month,fiber,0,1
C101615,66,67,53.39,month-to-month,none,1,1
C101616,46,68,97.05,one-year,fiber,0,0
C101617,60,36,101.8,two-year,dsl,1,0
C101618,39,48,71.01,one-year,fiber,0,0
C101619,43,12,126.49,month-to-month,fiber,0,0
C101620,45,33,70.96,month-to-month,dsl,0,0
C101621,67,52,108.77,month-to-month,dsl,1,0
C101622,38,50,57.04,month-to-month,dsl,0,1
C101623,66,2,140.01,month-to-month,fiber,1,1
C101624,24,41,117.1,month-to-month,dsl,0,0
C101625,34,31,66.16,month-to-month,fiber,0,1
C101626,37,50,113.04,one-year,fiber,0,0
C101627,58,45,111.52,month-to-month,fiber,0,0
C101628,66,20,116.59,month-to-month,none,1,0
C101629,37,43,10.0,month-to-month,dsl,0,0
C101630,71,10,91.58,month-to-month,dsl,1,1
C101631,39,67,86.27,month-to-month,none,0,1
C101632,45,0,84.13,month-to-month,dsl,0,1
C101633,78,62,76.55,two-year,dsl,1,1
C101634,57,23,77.43,month-to-month,none,0,0
C101635,66,12,108.49,one-year,none,1,1
C101636,24,10,86.18,two-year,fiber,0,1
C101637,18,50,76.51,one-year,dsl,0,0
C101638,49,16,104.18,month-to-month,fiber,0,0
C101639,30,23,82.54,two-year,dsl,0,0
C101640,47,18,85.41,month-to-month,fiber,0,0
C101641,40,36,126.01,month-to-month,fiber,0,0
C101642,68,7,56.97,two-year,none,1,1
C101643,76,27,24.53,one-year,dsl,1,1
C101644,73,4,72.17,month-to-month,fiber,1,1
C101645,36,16,76.44,month-to-month,dsl,0,0
C101646,79,35,91.65,month-to-month,dsl,1,1
C101647,49,18,73.22,month-to-month,fiber,0,1
C101648,47,63,92.65,month-to-month,dsl,0,0
C101649,46,10,145.14,two-year,fiber,0,1
C101650,66,53,94.05,two-year,fiber,1,1
C101651,62,44,99.32,two-year,none,1,1
C101652,46,46,66.11,month-to-month,fiber,0,0
C101653,47,11,28.44,one-year,none,0,0
C101654,33,20,10.0,two-year,fiber,0,1
C101655,57,10,54.44,two-year,dsl,0,0
C101656,36,4,10.0,month-to-month,fiber,0,0
C101657,35,55,85.41,month-to-month,fiber,0,0
C101658,18,19,58.52,month-to-month,fiber,0,0
C101659,31,40,30.6,month-to-month,fiber,0,0
C101660,68,45,73.93,one-year,fiber,1,0
C101661,64,11,47.84,one-year,dsl,1,1
C101662,67,69,83.52,month-to-month,dsl,1,0
C101663,19,16,91.23,month-to-month,fiber,0,1
C101664,71,18,48.94,month-to-month,fiber,1,1
C101665,45,25,62.88,month-to-month,fiber,0,0
C101666,66,47,76.45,month-to-month,fiber,1,1
C101667,67,51,27.79,one-year,dsl,1,0
C101668,47,69,76.44,month-to-month,fiber,0,1
C101669,55,54,27.07,one-year,fiber,0,0
C101670,68,32,86.97,month-to-month,fiber,1,0
C101671,21,61,56.95,month-to-month,fiber,0,0
C101672,18,22,26.9,month-to-month,fiber,0,1
C101673,25,14,52.6,two-year,fiber,0,1
C101674,46,26,53.87,month-to-month,none,0,0
C101675,72,63,102.06,one-year,fiber,1,0
C101676,56,50,75.2,month-to-month,fiber,0,0
C101677,20,52,41.31,two-year,fiber,0,1
C101678,49,50,119.47,one-year,fiber,0,0
C101679,27,46,88.79,month-to-month,fiber,0,1
C101680,27,3,59.91,one-year,fiber,0,0
C101681,36,6,23.38,month-to-month,fiber,0,1
C101682,63,34,57.26,two-year,dsl,1,1
C101683,51,47,63.38,month-to-month,none,0,1
C101684,77,71,81.07,month-to-month,fiber,1,1
C101685,50,44,88.22,one-year,fiber,0,0
C101686,40,71,94.2,one-year,fiber,0,1
C101687,72,18,21.66,month-to-month,dsl,1,0
C101688,45,62,76.26,one-year,dsl,0,1
C101689,49,37,65.21,month-to-month,dsl,0,0
C101690,67,66,150.34,month-to-month,fiber,1,0
C101691,24,58,71.94,one-year,none,0,0
C101692,46,68,51.32,month-to-month,fiber,0,1
C101693,25,12,73.31,month-to-month,fiber,0,0
C101694,18,46,69.74,one-year,fiber,0,1
C101695,74,60,10.33,month-to-month,dsl,1,1
C101696,72,30,82.25,one-year,dsl,1,1
C101697,20,21,60.68,month-to-month,fiber,0,0
C101698,41,42,69.2,month-to-month,none,0,0
C101699,40,66,43.79,month-to-month,fiber,0,1
C101700,76,53,37.18,one-year,fiber,1,0
C101701,78,9,96.37,one-year,none,1,0
C101702,25,41,103.25,month-to-month,dsl,0,1
C101703,71,63,82.54,month-to-month,fiber,1,1
C101704,74,20,15.68,two-year,fiber,1,0
C101705,64,65,84.49,month-to-month,fiber,1,1
C101706,54,40,16.12,two-year,dsl,0,0
C101707,20,23,50.16,month-to-month,fiber,0,1
C101708,68,34,95.97,one-year,fiber,1,0
C101709,50,55,89.73,month-to-month,dsl,0,1
C101710,45,29,83.71,two-year,fiber,0,0
C101711,64,56,109.39,one-year,dsl,1,0
C101712,25,46,86.8,month-to-month,none,0,0
C101713,51,34,10.0,month-to-month,fiber,0,1
C101714,52,18,58.91,one-year,none,0,0
C101715,49,7,68.75,one-year,fiber,0,0
C101716,41,25,65.24,month-to-month,dsl,0,1
C101717,31,70,51.49,month-to-month,dsl,0,0
C101718,49,29,39.1,one-year,dsl,0,0
C101719,73,6,142.02,month-to-month,dsl,1,0
C101720,63,66,58.34,one-year,fiber,1,0
C101721,60,64,140.55,month-to-month,dsl,1,0
C101722,33,35,35.76,two-year,fiber,0,0
C101723,21,24,89.71,two-year,fiber,0,0
C101724,69,36,76.89,two-year,fiber,1,0
C101725,54,0,42.34,month-to-month,fiber,0,0
C101726,71,14,55.97,two-year,fiber,1,0
C101727,38,36,69.55,month-to-month,none,0,1
C101728,31,12,44.68,month-to-month,dsl,0,1
C101729,48,7,62.32,month-to-month,fiber,0,0
C101730,72,4,10.0,month-to-month,fiber,1,1
C101731,65,59,91.35,two-year,fiber,1,1
C101732,35,0,106.81,month-to-month,fiber,0,1
C101733,24,35,83.63,one-year,fiber,0,0
C101734,27,34,137.93,one-year,fiber,0,0
C101735,24,65,90.46,one-year,fiber,0,1
C101736,50,62,104.28,month-to-month,none,0,0
C101737,40,22,107.15,month-to-month,none,0,1
C101738,38,8,10.0,one-year,dsl,0,0
C101739,36,33,82.71,month-to-month,dsl,0,0
C101740,65,45,28.51,month-to-month,none,1,1
C101741,78,3,34.57,month-to-month,none,1,0
C101742,36,29,39.79,month-to-month,dsl,0,0
C101743,53,71,60.62,two-year,fiber,0,0
C101744,46,2,89.51,month-to-month,none,0,0
C101745,77,13,83.02,month-to-month,fiber,1,0
C101746,35,59,69.62,month-to-month,dsl,0,0
C101747,19,44,91.68,month-to-month,fiber,0,0
C101748,18,33,93.5,month-to-month,none,0,0
C101749,64,44,83.28,month-to-month,none,1,0
C101750,22,60,18.26,month-to-month,fiber,0,1
C101751,37,15,47.82,one-year,fiber,0,0
C101752,28,65,70.79,month-to-month,dsl,0,1
C101753,59,39,92.0,month-to-month,none,0,0
C101754,19,16,30.14,month-to-month,dsl,0,0
C101755,20,33,69.66,month-to-month,none,0,0
C101756,40,15,23.03,two-year,fiber,0,0
C101757,72,59,100.78,month-to-month,none,1,0
C101758,29,65,77.27,month-to-month,dsl,0,0
C101759,37,65,29.62,month-to-month,fiber,0,1
C101760,22,12,29.42,two-year,dsl,0,1
C101761,54,55,81.62,month-to-month,fiber,0,0
C101762,55,30,111.24,one-year,none,0,0
C101763,47,33,37.1,month-to-month,fiber,0,0
C101764,26,38,93.6,two-year,fiber,0,0
C101765,51,66,53.73,two-year,dsl,0,0
C101766,70,7,94.7,month-to-month,none,1,0
C101767,61,54,90.5,month-to-month,fiber,1,0
C101768,52,26,74.66,month-to-month,fiber,0,0
C101769,69,52,14.97,month-to-month,fiber,1,0
C101770,75,38,90.44,month-to-month,fiber,1,0
C101771,39,64,85.06,month-to-month,fiber,0,0
C101772,61,16,82.31,month-to-month,fiber,1,0
C101773,41,29,75.87,month-to-month,fiber,0,0
C101774,34,52,43.64,month-to-month,none,0,1
C101775,27,12,102.49,month-to-month,none,0,0
C101776,47,20,96.94,month-to-month,dsl,0,1
C101777,73,18,37.74,two-year,fiber,1,0
C101778,76,52,109.43,month-to-month,dsl,1,1
C101779,63,18,73.95,one-year,dsl,1,0
C101780,40,56,73.87,month-to-month,fiber,0,0
C101781,49,24,64.71,month-to-month,none,0,0
C101782,34,30,67.66,month-to-month,dsl,0,0
C101783,67,54,111.13,month-to-month,fiber,1,1
C101784,68,22,100.99,one-year,none,1,0
C101785,34,31,100.36,one-year,none,0,0
C101786,31,61,75.54,month-to-month,fiber,0,0
C101787,26,9,96.68,two-year,fiber,0,1
C101788,57,71,44.97,month-to-month,fiber,0,0
C101789,19,53,87.5,two-year,dsl,0,0
C101790,62,51,65.4,two-year,dsl,1,0
C101791,42,19,10.0,month-to-month,dsl,0,1
C101792,56,31,22.42,month-to-month,fiber,0,0
C101793,26,13,50.11,month-to-month,none,0,0
C101794,71,49,82.45,one-year,fiber,1,0
C101795,39,27,50.14,month-to-month,fiber,0,0
C101796,60,52,52.27,two-year,fiber,1,1
C101797,63,23,92.9,one-year,dsl,1,0
C101798,21,21,53.35,month-to-month,fiber,0,0
C101799,43,29,109.92,month-to-month,none,0,1
C101800,75,62,104.95,one-year,dsl,1,1
C101801,46,3,70.66,month-to-month,dsl,0,0
C101802,62,58,92.6,one-year,fiber,1,0
C101803,51,7,88.52,month-to-month,fiber,0,1
C101804,40,11,62.63,month-to-month,fiber,0,0
C101805,54,30,95.85,month-to-month,fiber,0,1
C101806,28,33,100.27,one-year,fiber,0,1
C101807,23,48,41.43,month-to-month,dsl,0,0
C101808,35,56,74.61,one-year,fiber,0,1
C101809,38,25,74.28,month-to-month,fiber,0,0
C101810,59,17,95.49,one-year,none,0,0
C101811,53,37,56.68,month-to-month,none,0,0
C101812,58,49,52.07,month-to-month,none,0,1
C101813,55,7,75.07,one-year,fiber,0,0
C101814,51,40,105.44,month-to-month,fiber,0,1
C101815,34,5,34.02,month-to-month,fiber,0,0
C101816,54,68,39.26,month-to-month,none,0,0
C101817,42,43,54.38,one-year,dsl,0,0
C101818,55,63,59.72,two-year,fiber,0,1
C101819,75,28,17.03,month-to-month,fiber,1,1
C101820,29,27,114.95,month-to-month,fiber,0,1
C101821,40,10,66.09,one-year,dsl,0,1
C101822,70,64,61.6,month-to-month,fiber,1,0
C101823,59,18,118.68,two-year,fiber,0,0
C101824,39,8,91.53,month-to-month,fiber,0,0
C101825,38,26,53.94,two-year,fiber,0,0
C101826,44,33,74.94,one-year,fiber,0,0
C101827,74,43,68.75,one-year,none,1,0
C101828,48,67,113.45,one-year,fiber,0,0
C101829,23,14,64.98,month-to-month,fiber,0,0
C101830,44,50,26.74,month-to-month,dsl,0,0
C101831,57,12,13.68,month-to-month,dsl,0,0
C101832,51,48,114.25,one-year,fiber,0,0
C101833,29,69,46.34,one-year,fiber,0,0
C101834,62,55,90.11,two-year,fiber,1,0
C101835,74,50,72.15,month-to-month,dsl,1,0
C101836,70,36,57.5,month-to-month,none,1,1
C101837,24,16,62.2,month-to-month,fiber,0,1
C101838,27,57,117.5,one-year,dsl,0,0
C101839,62,28,26.56,month-to-month,fiber,1,1
C101840,34,32,58.41,month-to-month,none,0,0
C101841,43,59,97.2,one-year,fiber,0,0
C101842,38,54,31.51,month-to-month,dsl,0,0
C101843,45,9,109.52,month-to-month,fiber,0,0
C101844,79,46,96.77,month-to-month,dsl,1,1
C101845,75,22,78.15,one-year,dsl,1,0
C101846,63,20,54.91,month-to-month,dsl,1,1
C101847,19,12,27.65,one-year,fiber,0,0
C101848,77,32,91.21,month-to-month,dsl,1,0
C101849,71,23,152.46,two-year,none,1,1
C101850,60,10,74.38,month-to-month,dsl,1,0
C101851,18,16,15.22,month-to-month,dsl,0,0
C101852,68,67,83.73,one-year,fiber,1,0
C101853,70,46,95.81,one-year,dsl,1,0
C101854,53,24,42.46,month-to-month,fiber,0,0
C101855,68,20,50.63,one-year,dsl,1,0
C101856,43,11,47.58,month-to-month,dsl,0,0
C101857,46,36,54.06,two-year,dsl,0,0
C101858,38,41,64.84,one-year,fiber,0,0
C101859,28,16,44.17,month-to-month,dsl,0,0
C101860,57,47,32.92,one-year,fiber,0,0
C101861,28,27,75.23,month-to-month,fiber,0,1
C101862,53,40,64.52,month-to-month,fiber,0,1
C101863,66,46,56.91,two-year,fiber,1,0
C101864,76,17,72.5,one-year,fiber,1,0
C101865,56,70,24.39,month-to-month,none,0,0
C101866,57,12,77.9,month-to-month,dsl,0,0
C101867,52,12,57.53,month-to-month,dsl,0,0
C101868,71,30,77.18,two-year,dsl,1,0
C101869,51,1,81.99,month-to-month,dsl,0,1
C101870,72,15,103.93,month-to-month,dsl,1,0
C101871,64,8,73.09,month-to-month,fiber,1,0
C101872,41,37,102.0,month-to-month,fiber,0,0
C101873,71,53,60.34,month-to-month,none,1,0
C101874,39,55,61.77,month-to-month,dsl,0,0
C101875,22,44,67.27,month-to-month,dsl,0,1
C101876,73,33,93.22,month-to-month,none,1,1
C101877,50,8,88.93,two-year,none,0,0
C101878,75,7,74.05,month-to-month,fiber,1,1
C101879,53,6,33.17,one-year,fiber,0,0
C101880,64,35,88.39,one-year,none,1,0
C101881,37,17,44.16,one-year,fiber,0,0
C101882,36,2,42.52,two-year,dsl,0,0
C101883,52,27,35.85,month-to-month,none,0,0
C101884,69,69,67.5,month-to-month,fiber,1,1
C101885,60,43,106.35,month-to-month,dsl,1,1
C101886,34,20,41.04,month-to-month,fiber,0,0
C101887,79,27,120.36,one-year,fiber,1,0
C101888,76,53,97.29,one-year,none,1,0
C101889,62,53,26.06,two-year,dsl,1,0
C101890,60,64,58.52,month-to-month,none,1,1
C101891,51,20,38.79,two-year,fiber,0,1
C101892,26,12,89.95,month-to-month,fiber,0,0
C101893,43,56,40.36,month-to-month,dsl,0,0
C101894,19,48,21.37,month-to-month,fiber,0,0
C101895,70,53,60.23,one-year,none,1,0
C101896,26,9,105.08,month-to-month,fiber,0,1
C101897,26,52,64.22,two-year,dsl,0,1
C101898,57,43,81.95,two-year,fiber,0,0
C101899,34,46,83.12,two-year,fiber,0,0
C101900,18,52,24.63,month-to-month,dsl,0,0
C101901,42,45,43.02,two-year,fiber,0,1
C101902,78,12,70.19,one-year,fiber,1,0
C101903,60,36,53.28,month-to-month,dsl,1,0
C101904,57,23,121.13,month-to-month,fiber,0,0
C101905,59,1,33.15,month-to-month,dsl,0,0
C101906,42,13,42.72,month-to-month,fiber,0,1
C101907,56,9,78.72,month-to-month,fiber,0,0
C101908,52,34,51.16,two-year,fiber,0,0
C101909,20,24,10.0,month-to-month,fiber,0,0
C101910,67,2,128.04,month-to-month,dsl,1,0
C101911,54,16,37.77,two-year,none,0,0
C101912,61,11,86.83,month-to-month,fiber,1,0
C101913,61,53,32.4,two-year,fiber,1,0
C101914,68,23,44.11,month-to-month,fiber,1,1
C101915,47,28,21.31,month-to-month,fiber,0,0
C101916,55,42,47.76,month-to-month,dsl,0,0
C101917,51,24,50.67,month-to-month,dsl,0,0
C101918,29,59,66.02,month-to-month,dsl,0,0
C101919,36,64,58.82,one-year,fiber,0,0
C101920,54,27,26.75,month-to-month,dsl,0,1
C101921,61,15,54.28,two-year,dsl,1,0
C101922,76,46,113.41,month-to-month,fiber,1,0
C101923,76,57,109.85,month-to-month,dsl,1,0
C101924,66,26,83.67,one-year,fiber,1,0
C101925,78,52,89.89,month-to-month,dsl,1,0
C101926,34,41,131.82,one-year,dsl,0,0
C101927,27,58,87.14,two-year,fiber,0,0
C101928,74,46,89.33,one-year,dsl,1,0
C101929,72,33,23.06,month-to-month,none,1,0
C101930,66,36,36.62,month-to-month,fiber,1,0
C101931,64,5,69.02,one-year,dsl,1,0
C101932,29,6,45.78,one-year,dsl,0,0
C101933,79,24,40.06,month-to-month,fiber,1,0
C101934,33,32,43.53,month-to-month,dsl,0,1
C101935,41,54,27.29,month-to-month,dsl,0,0
C101936,36,57,46.26,month-to-month,fiber,0,0
C101937,25,6,80.18,month-to-month,none,0,0
C101938,48,56,123.89,month-to-month,fiber,0,1
C101939,38,11,93.91,one-year,fiber,0,1
C101940,34,15,89.08,two-year,none,0,0
C101941,40,42,21.29,one-year,dsl,0,0
C101942,54,6,73.58,month-to-month,none,0,1
C101943,71,50,67.99,month-to-month,fiber,1,1
C101944,33,31,78.72,two-year,fiber,0,0
C101945,23,7,59.18,two-year,none,0,1
C101946,25,71,119.86,two-year,dsl,0,0
C101947,42,44,71.58,one-year,dsl,0,0
C101948,35,58,74.51,month-to-month,fiber,0,1
C101949,42,3,11.13,one-year,fiber,0,0
C101950,29,66,66.8,month-to-month,dsl,0,0
C101951,32,28,104.48,month-to-month,dsl,0,0
C101952,76,28,86.67,one-year,fiber,1,0
C101953,43,27,10.0,month-to-month,fiber,0,0
C101954,58,43,56.51,month-to-month,fiber,0,0
C101955,62,3,121.96,month-to-month,none,1,1
C101956,43,8,65.48,month-to-month,dsl,0,1
C101957,64,4,79.67,two-year,dsl,1,0
C101958,49,55,118.57,month-to-month,fiber,0,1
C101959,27,49,65.36,month-to-month,fiber,0,1
C101960,33,14,93.73,month-to-month,dsl,0,1
C101961,24,31,82.34,month-to-month,dsl,0,0
C101962,34,27,88.75,month-to-month,none,0,1
C101963,40,21,81.38,one-year,none,0,0
C101964,43,16,53.57,month-to-month,fiber,0,0
C101965,38,58,56.57,one-year,dsl,0,0
C101966,39,70,44.36,two-year,none,0,0
C101967,75,56,20.81,one-year,none,1,0
C101968,24,25,107.34,month-to-month,fiber,0,0
C101969,31,24,70.3,month-to-month,none,0,1
C101970,32,9,105.82,two-year,none,0,1
C101971,70,44,116.96,month-to-month,none,1,0
C101972,24,10,71.6,one-year,none,0,0
C101973,26,52,30.6,two-year,fiber,0,0
C101974,68,71,64.11,two-year,fiber,1,0
C101975,65,67,49.87,two-year,fiber,1,0
C101976,25,27,10.6,month-to-month,fiber,0,1
C101977,67,64,54.95,month-to-month,fiber,1,0
C101978,76,48,67.85,two-year,none,1,1
C101979,40,46,50.7,month-to-month,fiber,0,0
C101980,46,51,46.85,month-to-month,fiber,0,0
C101981,35,53,31.67,one-year,fiber,0,1
C101982,48,59,75.88,month-to-month,fiber,0,0
C101983,47,56,126.08,two-year,fiber,0,0
C101984,69,46,108.36,one-year,dsl,1,1
C101985,56,30,89.61,month-to-month,fiber,0,0
C101986,52,45,90.26,two-year,dsl,0,0
C101987,35,25,66.02,one-year,dsl,0,0
C101988,76,4,15.86,one-year,fiber,1,0
C101989,59,51,58.92,month-to-month,dsl,0,0
C101990,56,53,40.92,month-to-month,dsl,0,1
C101991,34,32,74.64,one-year,dsl,0,0
C101992,31,49,107.0,month-to-month,dsl,0,0
C101993,48,37,129.2,month-to-month,fiber,0,0
C101994,41,26,71.94,one-year,fiber,0,1
C101995,52,14,19.99,month-to-month,none,0,1
C101996,61,60,71.88,month-to-month,fiber,1,0
C101997,77,20,72.7,month-to-month,dsl,1,1
C101998,62,45,90.37,month-to-month,dsl,1,1
C101999,51,68,69.42,one-year,fiber,0,0
